post_id,video_link,account_name,comment_date,comment,commenter_username,first_seen,source
DZ-ULsYpB-8,https://www.instagram.com/p/DZ-ULsYpB-8/,@reels,2026-07-16,❤️❤️❤️❤️❤️,zxc.vbn.nma,2026-09-01,hashtag:#dengue
DZ-ULsYpB-8,https://www.instagram.com/p/DZ-ULsYpB-8/,@reels,2026-07-16,🔥🔥🔥🔥🔥,zxc.vbn.nma,2026-09-01,hashtag:#dengue
DZ-ULsYpB-8,https://www.instagram.com/p/DZ-ULsYpB-8/,@reels,2026-07-26,"According to the Government of India (National Centre for Vector Borne Diseases Control – NCVBDC), the officially reported dengue burden has risen significantly over the past few years. In 2024, around 232,425 cases are reported officially.
Collectively we should fight against Dengue. It's a life threatening disease. We need more awareness on effective pest control and fogging technique for outdoors. Housing Societies, hotels, hospitals, school, colleges and local bodies should do effective fogging for mosquito control.",srgardenmart,2026-09-01,hashtag:#dengue
DaNVP8pEdgo,https://www.instagram.com/p/DaNVP8pEdgo/,@reels,2026-07-23,❤️🔥,ujwal_gowdax,2026-09-01,hashtag:#dengue
DaNVP8pEdgo,https://www.instagram.com/p/DaNVP8pEdgo/,@reels,2026-08-22,😮,bigra_shazada_999,2026-09-01,hashtag:#dengue
DaNVP8pEdgo,https://www.instagram.com/p/DaNVP8pEdgo/,@reels,2026-07-06,Pdf,_rainb_ow2006,2026-09-01,hashtag:#dengue
DaNVP8pEdgo,https://www.instagram.com/p/DaNVP8pEdgo/,@reels,2026-06-30,Please create lesson plan on CPR,abhishektejkogila,2026-09-01,hashtag:#dengue
DaNVP8pEdgo,https://www.instagram.com/p/DaNVP8pEdgo/,@reels,2026-07-05,"Care plan of surgical,madical, emergency",ll_haramy_girl_ll,2026-09-01,hashtag:#dengue
DaNVP8pEdgo,https://www.instagram.com/p/DaNVP8pEdgo/,@reels,2026-07-03,Pdf,qasimgondal8,2026-09-01,hashtag:#dengue
DaNVP8pEdgo,https://www.instagram.com/p/DaNVP8pEdgo/,@reels,2026-07-02,Care plane on PPH,____pramee____,2026-09-01,hashtag:#dengue
DaNVP8pEdgo,https://www.instagram.com/p/DaNVP8pEdgo/,@reels,2026-07-06,Care plan on apendicytis,ankitasingha745,2026-09-01,hashtag:#dengue
DaNVP8pEdgo,https://www.instagram.com/p/DaNVP8pEdgo/,@reels,2026-07-02,Please case dengue proper,yashika_ewati,2026-09-01,hashtag:#dengue
DaNVP8pEdgo,https://www.instagram.com/p/DaNVP8pEdgo/,@reels,2026-07-13,Case study on worm infstation,handeep968,2026-09-01,hashtag:#dengue
DaNVP8pEdgo,https://www.instagram.com/p/DaNVP8pEdgo/,@reels,2026-07-26,Care plan on snake bite,_fathi_anzu,2026-09-01,hashtag:#dengue
DbR3wAbk0QI,https://www.instagram.com/p/DbR3wAbk0QI/,@reels,2026-07-27,Pdf,kodarinaveen4,2026-09-01,hashtag:#dengue
DYUlg0TDR6p,https://www.instagram.com/p/DYUlg0TDR6p/,@reels,2026-05-17,Good 👍👍👍,_papiya_dancer,2026-09-01,hashtag:#dengue
DYUlg0TDR6p,https://www.instagram.com/p/DYUlg0TDR6p/,@reels,2026-05-16,Good 👍,manjesh4124567,2026-09-01,hashtag:#dengue
DYUlg0TDR6p,https://www.instagram.com/p/DYUlg0TDR6p/,@reels,2026-05-16,Good,sapna_nishad_up_56,2026-09-01,hashtag:#dengue
DYUlg0TDR6p,https://www.instagram.com/p/DYUlg0TDR6p/,@reels,2026-05-16,Nice God bless you all 💟❤️,sadhvipriyagiriji,2026-09-01,hashtag:#dengue
DYUlg0TDR6p,https://www.instagram.com/p/DYUlg0TDR6p/,@reels,2026-05-17,Nice,shantikujur26,2026-09-01,hashtag:#dengue
DYUlg0TDR6p,https://www.instagram.com/p/DYUlg0TDR6p/,@reels,2026-05-17,Nice,anikasharma7256,2026-09-01,hashtag:#dengue
DYUlg0TDR6p,https://www.instagram.com/p/DYUlg0TDR6p/,@reels,2026-05-16,Nice,chotuchotu1512,2026-09-01,hashtag:#dengue
DYUlg0TDR6p,https://www.instagram.com/p/DYUlg0TDR6p/,@reels,2026-05-15,ভীষন ভালো,mousumimondal3083,2026-09-01,hashtag:#dengue
DYUlg0TDR6p,https://www.instagram.com/p/DYUlg0TDR6p/,@reels,2026-05-17,"Bendiciones para todos, y que Dios los bendiga siempre, 🙏 soy un hombre fe 40 años padre de 2 niñas maravillosas, en junio del año pasado mi vida y la de mi familia cambio me diagnosticaron cancer, desde entonces pase por 28 sesiones de quimioterapia y 30 de radioterapia las cuales termine a finales de febrero de este año, la semana q paso fui al oncologo con todos los estudios q me pidio al finalizar los tratamientos y al ver la tomografia quedaron restos del tumor el cual amerita estudiarlo de nuevo y ver q sigue en mi proceso, mis hijas son mi mayor fuerza y motivo para seguir viviendo, los estudios a realizar son muy costosos y con todo éste proceso e quedado sin dinero para seguir la lucha y alimentar a mis hijas, puse un emprendimiento a pesar de mi debilidad por los tratamientos tan fuertes pero no esta vendiendo nada, y ps toca pedir ayuda por mis hijas no puedo darme por vencido, solo te pido me ayudes con lo q puedas y asi ganar esta batalla Dios te lo multiplique siempre",luisalfredobastidaspqk,2026-09-01,hashtag:#dengue
DYUlg0TDR6p,https://www.instagram.com/p/DYUlg0TDR6p/,@reels,2026-05-15,Sahi hai,meetchadha3004,2026-09-01,hashtag:#dengue
DYUlg0TDR6p,https://www.instagram.com/p/DYUlg0TDR6p/,@reels,2026-05-17,🌺 Har 🌺 har 🌺 Mahadev 🌺🌺🌺🌺,_sad_obito________,2026-09-01,hashtag:#dengue
Dcdpux2lDqT,https://www.instagram.com/p/Dcdpux2lDqT/,@reels,2026-08-28,Super hand writing and information,jee_van062,2026-09-01,hashtag:#dengue
Dcdpux2lDqT,https://www.instagram.com/p/Dcdpux2lDqT/,@reels,2026-08-25,THANK YOU SO MUCH SIR JI 🤌♥️,itz_maheshya_07,2026-09-01,hashtag:#dengue
Dcdpux2lDqT,https://www.instagram.com/p/Dcdpux2lDqT/,@reels,2026-08-28,Sir Would u mind doing one on UTI,_ram_dakshina_,2026-09-01,hashtag:#dengue
Dcdpux2lDqT,https://www.instagram.com/p/Dcdpux2lDqT/,@reels,2026-08-25,Excellent resource! Would love to see the nursing diagnoses prioritized using Maslow's hierarchy — especially since dengue can rapidly shift from febrile to critical phase. The platelet monitoring and fluid resuscitation protocols are often where new nurses need the most guidance. Keep sharing,enursing_portal,2026-09-01,hashtag:#dengue
Dcdpux2lDqT,https://www.instagram.com/p/Dcdpux2lDqT/,@reels,2026-08-26,Sir care plan on liver cirrhosis,agantika_123,2026-09-01,hashtag:#dengue
Dcdpux2lDqT,https://www.instagram.com/p/Dcdpux2lDqT/,@reels,2026-08-27,Care plan on prostatomegaly pls,_itz_selvi_solo_,2026-09-01,hashtag:#dengue
Dcdpux2lDqT,https://www.instagram.com/p/Dcdpux2lDqT/,@reels,2026-08-29,Care plan on LRTI,alxi.nnhh_,2026-09-01,hashtag:#dengue
Dcdpux2lDqT,https://www.instagram.com/p/Dcdpux2lDqT/,@reels,2026-08-30,Nursing plan on diarrhoea,lucky403176,2026-09-01,hashtag:#dengue
DVV3XN7E8ZA,https://www.instagram.com/p/DVV3XN7E8ZA/,@reels,2026-07-26,"According to the Government of India (National Centre for Vector Borne Diseases Control – NCVBDC), the officially reported dengue burden has risen significantly over the past few years. In 2024, around 232,425 cases are reported officially.
Collectively we should fight against Dengue. It's a life threatening disease. We need more awareness on effective pest control and fogging technique for outdoors. Housing Societies, hotels, hospitals, school, colleges and local bodies should do effective fogging for mosquito control.",srgardenmart,2026-09-01,hashtag:#dengue
DVV3XN7E8ZA,https://www.instagram.com/p/DVV3XN7E8ZA/,@reels,2026-03-11,Good 👍,usmaan_a_86,2026-09-01,hashtag:#dengue
DZIFaf6jSjY,https://www.instagram.com/p/DZIFaf6jSjY/,@reels,2026-06-03,👏👏👏👏👏👏👏👏,hclaudiano,2026-09-01,hashtag:#dengue
DZIFaf6jSjY,https://www.instagram.com/p/DZIFaf6jSjY/,@reels,2026-06-04,👏👏👏👏👏👏,netoecamilafernandes,2026-09-01,hashtag:#dengue
DZIFaf6jSjY,https://www.instagram.com/p/DZIFaf6jSjY/,@reels,2026-06-03,👏👏,lainemagueroski,2026-09-01,hashtag:#dengue
DZIFaf6jSjY,https://www.instagram.com/p/DZIFaf6jSjY/,@reels,2026-06-03,👏👏🏼👏🏻👏🏻,_gherson_britto,2026-09-01,hashtag:#dengue
DZIFaf6jSjY,https://www.instagram.com/p/DZIFaf6jSjY/,@reels,2026-06-13,"OUTRAS CURIOSIDADES: só a fêmea transmite, pois, só ela é hematófoga (se alimenta de sangue). O macho só se alimenta de néctar. Número 2: casos raros de mosquitos que nascem com o vírus da dengue. A principal transmissão ainda é o mosquito saudável picando uma pessoa com o vírus, passando assim para outras.",pedrohdmcom,2026-09-01,hashtag:#dengue
DZIFaf6jSjY,https://www.instagram.com/p/DZIFaf6jSjY/,@reels,2026-06-03,"Ha ha. Sou igual o bixo, corro de muita claridade. Kkkkkkk",lucianabento909,2026-09-01,hashtag:#dengue
DZIFaf6jSjY,https://www.instagram.com/p/DZIFaf6jSjY/,@reels,2026-06-04,"Somos milhões de pessoas que alimentamos vetor, damos nossas residências como morada para vetor, e ainda fornecemos os diversos pontos para criação do vetor das arboviroses. Viva o SUS e a ciência vacina no povo.",cleber_zoonoses,2026-09-01,hashtag:#dengue
DZIFaf6jSjY,https://www.instagram.com/p/DZIFaf6jSjY/,@reels,2026-06-04,exatamente quando se abre uma caixa de água com larvas elas devem para baixo fasso isso todos os dias só ACE,crisogono_alencar,2026-09-01,hashtag:#dengue
DZIFaf6jSjY,https://www.instagram.com/p/DZIFaf6jSjY/,@reels,2026-06-04,"Ok, mas o hábito dele é diurno, como explica isso?",opsems,2026-09-01,hashtag:#dengue
DZIFaf6jSjY,https://www.instagram.com/p/DZIFaf6jSjY/,@reels,2026-06-04,"Eu sempre falo ele e vampiro em forma de inseto,ama beber sangue e odeia a luz e gosta da escuridão!😂",ba.marciaregina,2026-09-01,hashtag:#dengue
DZIFaf6jSjY,https://www.instagram.com/p/DZIFaf6jSjY/,@reels,2026-06-13,TODO ACE É OBRIGADO A SABER DISSO,pedrohdmcom,2026-09-01,hashtag:#dengue
DZIFaf6jSjY,https://www.instagram.com/p/DZIFaf6jSjY/,@reels,2026-06-03,Como se o hábito dele e diurno ele não poca a noite.,72c979,2026-09-01,hashtag:#dengue
DZiMIgNHGEB,https://www.instagram.com/p/DZiMIgNHGEB/,@reels,2026-06-13,👏👏👏👏👏,_carlianasantos.acs,2026-09-01,hashtag:#dengue
DZiMIgNHGEB,https://www.instagram.com/p/DZiMIgNHGEB/,@reels,2026-06-14,👏👏👏,vida.de.acs,2026-09-01,hashtag:#dengue
DZiMIgNHGEB,https://www.instagram.com/p/DZiMIgNHGEB/,@reels,2026-06-13,👏👏👏👏👏,suaagentedesaude,2026-09-01,hashtag:#dengue
DZiMIgNHGEB,https://www.instagram.com/p/DZiMIgNHGEB/,@reels,2026-06-14,Que post importante! Obrigada por sempre nos trazer informação. 🙌❤️,biaa_martins52,2026-09-01,hashtag:#dengue
DZiMIgNHGEB,https://www.instagram.com/p/DZiMIgNHGEB/,@reels,2026-06-13,"Correto, mas não se pode esquecer que o ACE sempre está na área combatendo a Dengue e outros arboviroses junto com você 👏👏👏",ribeiro.gracinhaa,2026-09-01,hashtag:#dengue
DZiMIgNHGEB,https://www.instagram.com/p/DZiMIgNHGEB/,@reels,2026-06-14,"Ótima postagem,mas,agora é outra luta convencer os pacientes explicar tudo isso e eles de fato entenderem e aceitarem!! Os meu mesmo estão perguntando se eu tomei!! Respondo que nao pq nao tinha tido ainda oportunidade por conta da correria!! Mas,eu mesma nao irei tomar....mas como sempre digo a eles de segunda a sexta qnd estou no meu horário de trabalho e bo meu trabalho a informação que eu passo e que é válida é a que o MINISTÉRIO da saúde passa!! A minha pessoal so vale após eu encerrar meu expediente,principalmente se nao tiver de acordo!",luciene9578,2026-09-01,hashtag:#dengue
DcP5EosiEoz,https://www.instagram.com/p/DcP5EosiEoz/,@reels,2026-08-20,👏👏,navneet_dhaker,2026-09-01,hashtag:#dengue
DcP5EosiEoz,https://www.instagram.com/p/DcP5EosiEoz/,@reels,2026-08-20,Can we purchase these,reenakumar4128,2026-09-01,hashtag:#dengue
DcP5EosiEoz,https://www.instagram.com/p/DcP5EosiEoz/,@reels,2026-08-20,Great job. Sell everywhere. Help others,superdoc9,2026-09-01,hashtag:#dengue
DcP5EosiEoz,https://www.instagram.com/p/DcP5EosiEoz/,@reels,2026-08-30,Want it,vaibhav31_12,2026-09-01,hashtag:#dengue
DcP5EosiEoz,https://www.instagram.com/p/DcP5EosiEoz/,@reels,2026-08-20,How to buy it ?,manju_sharma02,2026-09-01,hashtag:#dengue
DcP5EosiEoz,https://www.instagram.com/p/DcP5EosiEoz/,@reels,2026-08-20,@cmotamilnadu,vitamin_m_11.11,2026-09-01,hashtag:#dengue
DcP5EosiEoz,https://www.instagram.com/p/DcP5EosiEoz/,@reels,2026-08-20,@cmomaharashtra_,shrikant_tokey,2026-09-01,hashtag:#dengue
DcP5EosiEoz,https://www.instagram.com/p/DcP5EosiEoz/,@reels,2026-08-26,How to order,hema_adhvaryu_vasani,2026-09-01,hashtag:#dengue
DYilkQSBz8D,https://www.instagram.com/p/DYilkQSBz8D/,@reels,2026-05-20,🔥,_rizos31,2026-09-01,hashtag:#dengue
DYilkQSBz8D,https://www.instagram.com/p/DYilkQSBz8D/,@reels,2026-05-20,Eso está más difícil que el cilantro y perejil,ramsesibarra7,2026-09-01,hashtag:#dengue
DYilkQSBz8D,https://www.instagram.com/p/DYilkQSBz8D/,@reels,2026-05-20,Excelente información. Gracias,darox1978,2026-09-01,hashtag:#dengue
DYilkQSBz8D,https://www.instagram.com/p/DYilkQSBz8D/,@reels,2026-05-20,Y a simple vista se nota esa vaina?,reeltophoy,2026-09-01,hashtag:#dengue
DYilkQSBz8D,https://www.instagram.com/p/DYilkQSBz8D/,@reels,2026-05-20,Si deja lo detengo para ver cuál es cual 😂,night_wolf_088,2026-09-01,hashtag:#dengue
DYilkQSBz8D,https://www.instagram.com/p/DYilkQSBz8D/,@reels,2026-05-21,Recuerdo que una vez estuve a punto de contraer la enfermedad porque un mosquito de ésos se posó sobre mi mano y lo espanté a tiempo!,start_crue,2026-09-01,hashtag:#dengue
DYilkQSBz8D,https://www.instagram.com/p/DYilkQSBz8D/,@reels,2026-05-20,Hace tres días mi hija mató en su muslo al mosquito aedes así mismo como ese de patas blancas y le hizo zoom para verlo y el agijon estaba dentro del la piel.,elboysdelafinca,2026-09-01,hashtag:#dengue
DYilkQSBz8D,https://www.instagram.com/p/DYilkQSBz8D/,@reels,2026-05-31,"Que estupidez, que un mosquito sea o no portador del dengue no depende de la morfología o características físicas del vector (mosquito). El Dengue o DENV es un virus el cual usa como vector de contagio al mosquito, y tiene 4 serotipos, DENV-1,-2,-3 Y DENV-4. Es por eso que existe la variante hemorrágica de la enfermedad, al ser infectado por un serotipo distinto a alguno anterior al que te había expuesto. No desinformes a la personas.",urielvlqz,2026-09-01,hashtag:#dengue
DYilkQSBz8D,https://www.instagram.com/p/DYilkQSBz8D/,@reels,2026-05-20,"Bueno los dos pican y nos quitan la, sangre",elizabethjordan81,2026-09-01,hashtag:#dengue
DYilkQSBz8D,https://www.instagram.com/p/DYilkQSBz8D/,@reels,2026-05-20,"mosquito tigre es el de puntitos o rayas blancas, ese es el transmisor por excelencia de dengue y chicungunya",ing.ricjose,2026-09-01,hashtag:#dengue
DYilkQSBz8D,https://www.instagram.com/p/DYilkQSBz8D/,@reels,2026-05-20,Que asco de insectos.,titadyn300,2026-09-01,hashtag:#dengue
DYilkQSBz8D,https://www.instagram.com/p/DYilkQSBz8D/,@reels,2026-05-20,I los mosquitos transgenicos de bill gates??,ramonfolchmiro,2026-09-01,hashtag:#dengue
DYilkQSBz8D,https://www.instagram.com/p/DYilkQSBz8D/,@reels,2026-05-20,"si con pedos los matas, ya mero los vas a estar revisando",tonathiuvargas68,2026-09-01,hashtag:#dengue
DXnlBDDkXVn,https://www.instagram.com/p/DXnlBDDkXVn/,@reels,2026-04-27,"DBD Dirawat di RS? Sekarang gak bisa, bisanya di puskesmas. Kalau sudah sekarat baru bisa dirawat di RS",dhina_mustikaningrum,2026-09-01,hashtag:#demamberdarah
DXnlBDDkXVn,https://www.instagram.com/p/DXnlBDDkXVn/,@reels,2026-04-27,"cegah ,,memang lagi banyak nyamuk nih kak min @jatim",rhisnaa_handoko,2026-09-01,hashtag:#demamberdarah
DXnlBDDkXVn,https://www.instagram.com/p/DXnlBDDkXVn/,@reels,2026-04-27,Cegah yuk...jangan sampai mampir ke rumah kita,dwihunun,2026-09-01,hashtag:#demamberdarah
DclSP7UTdkW,https://www.instagram.com/p/DclSP7UTdkW/,@reels,2026-08-28,sangat bermanfaat👏🔥,nofallhm,2026-09-01,hashtag:#demamberdarah
DclSP7UTdkW,https://www.instagram.com/p/DclSP7UTdkW/,@reels,2026-08-28,kerenn 🔥,ayers_aa,2026-09-01,hashtag:#demamberdarah
DclSP7UTdkW,https://www.instagram.com/p/DclSP7UTdkW/,@reels,2026-08-28,editannya keren bangett 🤩🤩,jakiraa.h,2026-09-01,hashtag:#demamberdarah
DclSP7UTdkW,https://www.instagram.com/p/DclSP7UTdkW/,@reels,2026-08-28,horee👏🏻🩷,zayhwa_,2026-09-01,hashtag:#demamberdarah
DclSP7UTdkW,https://www.instagram.com/p/DclSP7UTdkW/,@reels,2026-08-28,bagus bgttt,ddingdongzu,2026-09-01,hashtag:#demamberdarah
Dbka1uxxZzK,https://www.instagram.com/p/Dbka1uxxZzK/,@reels,2026-08-03,👍,sulistyowatiaji,2026-09-01,hashtag:#demamberdarah
Dbka1uxxZzK,https://www.instagram.com/p/Dbka1uxxZzK/,@reels,2026-08-11,🔥🔥,trikusala_rini,2026-09-01,hashtag:#demamberdarah
Dbka1uxxZzK,https://www.instagram.com/p/Dbka1uxxZzK/,@reels,2026-08-03,😍,phue3,2026-09-01,hashtag:#demamberdarah
DXb4TWSDye7,https://www.instagram.com/p/DXb4TWSDye7/,@reels,2026-04-22,Keren bgt dr. Yani ☺️🙏🏻,munawir_36,2026-09-01,hashtag:#demamberdarah
DXb4TWSDye7,https://www.instagram.com/p/DXb4TWSDye7/,@reels,2026-04-23,"dr. yani hebatt🔥 Alhamdulillah anaku sembuh, selama 7 hari d RSUD welas asih karena DBD , kemarin kontrol hasilnya bagus , smoga anaku dan anak anak yang lain bisa sehat walafiat,aamiin 🤲",nhaa_rhatna,2026-09-01,hashtag:#demamberdarah
DcA8RZhlAmi,https://www.instagram.com/p/DcA8RZhlAmi/,@reels,2026-08-15,Nyamuk demam berdarah pakai sofel lohyah 😹,kenway_zz,2026-09-01,hashtag:#demamberdarah
DZmNxOeoDUV,https://www.instagram.com/p/DZmNxOeoDUV/,@reels,2026-06-15,Yuk galakan PSN plus,aeny_sis,2026-09-01,hashtag:#demamberdarah
DZKIOaij398,https://www.instagram.com/p/DZKIOaij398/,@reels,2026-06-04,"Oke min, makasih infonya ❤️",jayantinovich,2026-09-01,hashtag:#demamberdarah
DZKIOaij398,https://www.instagram.com/p/DZKIOaij398/,@reels,2026-06-04,Nice info min,frushma,2026-09-01,hashtag:#demamberdarah
DZKIOaij398,https://www.instagram.com/p/DZKIOaij398/,@reels,2026-06-04,makasih infonya @k24sobatsehatkitakita suksez terus,biyung.e_hamnah,2026-09-01,hashtag:#demamberdarah
DZKIOaij398,https://www.instagram.com/p/DZKIOaij398/,@reels,2026-06-04,Terima kasih informasinya sangat bermanfaat 🙏,etiii.aaatiiikaaa10,2026-09-01,hashtag:#demamberdarah
DZKIOaij398,https://www.instagram.com/p/DZKIOaij398/,@reels,2026-06-04,Sehat selalu buat kita semua 💪🔥,hpbad23,2026-09-01,hashtag:#demamberdarah
DZKIOaij398,https://www.instagram.com/p/DZKIOaij398/,@reels,2026-06-19,Terima kaaih infonya min🙏😘,atik_as.hoki,2026-09-01,hashtag:#demamberdarah
DZKIOaij398,https://www.instagram.com/p/DZKIOaij398/,@reels,2026-06-04,Terima Kasih Informasinya,ferryardiansyah20,2026-09-01,hashtag:#demamberdarah
DXbNmBejsMg,https://www.instagram.com/p/DXbNmBejsMg/,@reels,2026-04-23,bs,__hump3__,2026-09-01,hashtag:#denguefever
DXbNmBejsMg,https://www.instagram.com/p/DXbNmBejsMg/,@reels,2026-04-23,Please kill all the mosquitos,ronnieeet00,2026-09-01,hashtag:#denguefever
DXbNmBejsMg,https://www.instagram.com/p/DXbNmBejsMg/,@reels,2026-04-22,Cancel IB,yegachung,2026-09-01,hashtag:#denguefever
DY3alVnHDNU,https://www.instagram.com/p/DY3alVnHDNU/,@reels,2026-05-28,❤️ the chapel!!!,karibeaulieu,2026-09-01,hashtag:#denguefever
DY3alVnHDNU,https://www.instagram.com/p/DY3alVnHDNU/,@reels,2026-05-30,❤️🙌,_nikkigreene_,2026-09-01,hashtag:#denguefever
DY3alVnHDNU,https://www.instagram.com/p/DY3alVnHDNU/,@reels,2026-05-28,🙌🔥,ashlaurenstudio,2026-09-01,hashtag:#denguefever
DY3alVnHDNU,https://www.instagram.com/p/DY3alVnHDNU/,@reels,2026-05-30,🤘🤘Nice!,_booker_d,2026-09-01,hashtag:#denguefever
DY3alVnHDNU,https://www.instagram.com/p/DY3alVnHDNU/,@reels,2026-05-29,come to houston pls 😞😞,xx_h0l1ow_sku1lz_xx,2026-09-01,hashtag:#denguefever
DY3alVnHDNU,https://www.instagram.com/p/DY3alVnHDNU/,@reels,2026-05-28,So coooooool I might fly out for that one 🤩,banyan.of.jupiter,2026-09-01,hashtag:#denguefever
DY3alVnHDNU,https://www.instagram.com/p/DY3alVnHDNU/,@reels,2026-05-28,Rad!,dreamphases,2026-09-01,hashtag:#denguefever
DY3alVnHDNU,https://www.instagram.com/p/DY3alVnHDNU/,@reels,2026-05-29,HETTY,chillseshandfriends,2026-09-01,hashtag:#denguefever
DY3alVnHDNU,https://www.instagram.com/p/DY3alVnHDNU/,@reels,2026-05-30,Sick poster,la_witch,2026-09-01,hashtag:#denguefever
DcTV46IiD33,https://www.instagram.com/p/DcTV46IiD33/,@reels,2026-08-20,ये वाला बहुत अच्छा है ।,vansh120666666,2026-09-01,hashtag:#denguefever
DaAvjvPKa0E,https://www.instagram.com/p/DaAvjvPKa0E/,@reels,2026-06-25,"🦟 DENGUE FEVER — One Page Quick Revision

Complete high-yield notes covering morphology, pathogenesis, clinical features, diagnosis, treatment & prevention for MBBS, Nursing and PG entrance preparation.

⚠️ Important Note: The virus diagram in this slide may contain a labeling error. Please verify the viral structure and labels using standard textbooks before using it for academic purposes.

📚 References: Ananthanarayan & Paniker, Jawetz, Harrison's, WHO Guidelines.

Follow for more concise medical notes and exam-focused revisions. #DengueFever #Microbiology #MBBS #Nursing #medstudent",medacad001,2026-09-01,hashtag:#denguefever
DceklcHDrDu,https://www.instagram.com/p/DceklcHDrDu/,@reels,2026-08-26,Thank you!,debianderson7651,2026-09-01,hashtag:#measles
DceklcHDrDu,https://www.instagram.com/p/DceklcHDrDu/,@reels,2026-08-25,Get started,sarahesalvatore,2026-09-01,hashtag:#measles
DcqraBmO3Hv,https://www.instagram.com/p/DcqraBmO3Hv/,@reels,2026-09-01,Excellent explanation of a nuanced issue! 👏🏻👏🏻👏🏻,goldspunlife,2026-09-01,hashtag:#measles
DcqraBmO3Hv,https://www.instagram.com/p/DcqraBmO3Hv/,@reels,2026-08-30,"This is a great explanation, thank you",ohheyitskari,2026-09-01,hashtag:#measles
DcqraBmO3Hv,https://www.instagram.com/p/DcqraBmO3Hv/,@reels,2026-08-30,Oooh love the car seat analogy!!! 👏👏👏,ali_the_peds_np,2026-09-01,hashtag:#measles
DcqraBmO3Hv,https://www.instagram.com/p/DcqraBmO3Hv/,@reels,2026-08-30,"Choice works if the population is educated, and the US population is NOT educated.",gilbert.armenta.82,2026-09-01,hashtag:#measles
DcqraBmO3Hv,https://www.instagram.com/p/DcqraBmO3Hv/,@reels,2026-08-31,Great perspective!,deannabehrensmd,2026-09-01,hashtag:#measles
DcqraBmO3Hv,https://www.instagram.com/p/DcqraBmO3Hv/,@reels,2026-08-30,Great message!!,drleslietreece,2026-09-01,hashtag:#measles
DcqraBmO3Hv,https://www.instagram.com/p/DcqraBmO3Hv/,@reels,2026-08-30,More choices when choices are EQUALLY EFFECTIVE! 👏👏👏,desidoc101,2026-09-01,hashtag:#measles
DcqraBmO3Hv,https://www.instagram.com/p/DcqraBmO3Hv/,@reels,2026-08-30,Than you for your clear answer,haichingcheah,2026-09-01,hashtag:#measles
DcqraBmO3Hv,https://www.instagram.com/p/DcqraBmO3Hv/,@reels,2026-08-31,Didn’t Japan finally approve a new MMR vaccine with a different mumps strain like just this year?,caracaradf,2026-09-01,hashtag:#measles
DcqraBmO3Hv,https://www.instagram.com/p/DcqraBmO3Hv/,@reels,2026-08-30,And despite this coherent and clear answer in addition to references provided some will move the goal posts and continue proliferating nonsense.,cycotg,2026-09-01,hashtag:#measles
DcqraBmO3Hv,https://www.instagram.com/p/DcqraBmO3Hv/,@reels,2026-08-30,Public health is also a PUBLIC concern. Meaning it's more than just your choice. Your choices have likelihood of 💀 other kids. You don't get to make that choice,uclakerim,2026-09-01,hashtag:#measles
DcqraBmO3Hv,https://www.instagram.com/p/DcqraBmO3Hv/,@reels,2026-08-30,We don’t need more options. We need politicians to ask Physicians what We need.,darthdrpete,2026-09-01,hashtag:#measles
DcqraBmO3Hv,https://www.instagram.com/p/DcqraBmO3Hv/,@reels,2026-08-30,Taking your child to the Ped for separate visits for each one of these is so unrealistic. And children will just fall behind.,mauemcl,2026-09-01,hashtag:#measles
DcqraBmO3Hv,https://www.instagram.com/p/DcqraBmO3Hv/,@reels,2026-08-30,"The separated vaccines are not even available in this country, and it would take years to develop them. So in addition to this being foolish, it is not even a real choice.",angtangnyc,2026-09-01,hashtag:#measles
DcqraBmO3Hv,https://www.instagram.com/p/DcqraBmO3Hv/,@reels,2026-08-30,Why would we validate people who are so clearly wrong,daakebrian,2026-09-01,hashtag:#measles
DcjegdFx1NE,https://www.instagram.com/p/DcjegdFx1NE/,@reels,2026-08-27,👏👏👏👏👏🤝,darthdrpete,2026-09-01,hashtag:#measles
DcjegdFx1NE,https://www.instagram.com/p/DcjegdFx1NE/,@reels,2026-08-27,And this is exactly why when someone says I should win the Darwin Award etc. I find it a bit in lacking humanitarianism!,taralshah,2026-09-01,hashtag:#measles
DbofLAlpDwV,https://www.instagram.com/p/DbofLAlpDwV/,@reels,2026-08-06,Mmr can cause measles…..and measles is not typically lethal. Moving on,blackbirdsfly,2026-09-01,hashtag:#measles
DbofLAlpDwV,https://www.instagram.com/p/DbofLAlpDwV/,@reels,2026-08-04,PNCB has a great CEU on it to help refresh us! I definitely needed it too!,victorialb11,2026-09-01,hashtag:#measles
DbofLAlpDwV,https://www.instagram.com/p/DbofLAlpDwV/,@reels,2026-08-04,Praying people realize this before polio makes a resurgence 😢😮,nuanced_newborns,2026-09-01,hashtag:#measles
DbofLAlpDwV,https://www.instagram.com/p/DbofLAlpDwV/,@reels,2026-08-04,Sounds like they could use a good newsletter to read about clinical research 😂 goooood luck this back to school season. Can’t wait for the first gift my kiddo brings home for us,roottorx,2026-09-01,hashtag:#measles
DbofLAlpDwV,https://www.instagram.com/p/DbofLAlpDwV/,@reels,2026-08-13,I just remember coryzal symptoms and kopliks but I ALWAYS have to look up where the rash starts (hairline or face),smclainey,2026-09-01,hashtag:#measles
DbofLAlpDwV,https://www.instagram.com/p/DbofLAlpDwV/,@reels,2026-08-06,please include the vaccinated here!! I was not diagnosed at first because I’m vaccinated! It’s not 100% effective and many of the cases are in vaccinated people. They aren’t as effective as you do be selling. It took three doctors to finally admit what was up.,funny.grrrl,2026-09-01,hashtag:#measles
DbofLAlpDwV,https://www.instagram.com/p/DbofLAlpDwV/,@reels,2026-08-06,You’ll be fine,ryan.mingle,2026-09-01,hashtag:#measles
DbofLAlpDwV,https://www.instagram.com/p/DbofLAlpDwV/,@reels,2026-08-05,"If they skip MMR, they def skipped DTaP. So clearly, Pertussis should be higher now too, right? Society media pro-pharma peeps are silent on pertussis tho because the rates are disappearing, absent vaccine influence obviously",dr.brian_nd,2026-09-01,hashtag:#measles
DbofLAlpDwV,https://www.instagram.com/p/DbofLAlpDwV/,@reels,2026-08-06,Blaming people not wanting to vaccinate their children for a disease that was reintroduced from uncontrolled migration is why so many people are completely over medical professionals and their judgment calls.,courtneyrdevereux,2026-09-01,hashtag:#measles
DbofLAlpDwV,https://www.instagram.com/p/DbofLAlpDwV/,@reels,2026-08-04,They’ll have less cancer risk in the future though.,jenny_the_doula,2026-09-01,hashtag:#measles
DbofLAlpDwV,https://www.instagram.com/p/DbofLAlpDwV/,@reels,2026-08-05,Why do we have more infant deaths than Japan? Google that! 😂😂😂😂😂😂😂😂.,uncshaun68,2026-09-01,hashtag:#measles
DbofLAlpDwV,https://www.instagram.com/p/DbofLAlpDwV/,@reels,2026-08-05,,twadkison,2026-09-01,hashtag:#measles
DZUvWodi0KB,https://www.instagram.com/p/DZUvWodi0KB/,@reels,2026-06-09,The vaccine does not save millions of lives a year. That many were not dying from measles before,emily_12dyke,2026-09-01,hashtag:#measles
DZUvWodi0KB,https://www.instagram.com/p/DZUvWodi0KB/,@reels,2026-06-08,Now they're trying to reduce the number/get rid of some vaccine mandates because... AUTISM😱,papa_peter69420,2026-09-01,hashtag:#measles
DZUvWodi0KB,https://www.instagram.com/p/DZUvWodi0KB/,@reels,2026-06-12,Dang ny,yxngrvr,2026-09-01,hashtag:#measles
DbdTaRUMIP7,https://www.instagram.com/p/DbdTaRUMIP7/,@reels,2026-07-31,Book Name,mr_krushna__chavan_143,2026-09-01,hashtag:#measles
DckKh2PNnfr,https://www.instagram.com/p/DckKh2PNnfr/,@reels,2026-08-28,Obey. Comply. Do not think just consume… good goyim.,lakota808,2026-09-01,hashtag:#measles
DckKh2PNnfr,https://www.instagram.com/p/DckKh2PNnfr/,@reels,2026-08-28,,lakota808,2026-09-01,hashtag:#measles
DboX1EsiQji,https://www.instagram.com/p/DboX1EsiQji/,@reels,2026-08-14,MMR,fatimazakira,2026-09-01,hashtag:#measles
DboX1EsiQji,https://www.instagram.com/p/DboX1EsiQji/,@reels,2026-08-14,Mmr,kristinvania,2026-09-01,hashtag:#measles
DboX1EsiQji,https://www.instagram.com/p/DboX1EsiQji/,@reels,2026-08-22,MMR,official_pandamama,2026-09-01,hashtag:#measles
DboX1EsiQji,https://www.instagram.com/p/DboX1EsiQji/,@reels,2026-08-15,MMR,dra.gravarela,2026-09-01,hashtag:#measles
DboX1EsiQji,https://www.instagram.com/p/DboX1EsiQji/,@reels,2026-08-17,MMR,may_yakobovsky,2026-09-01,hashtag:#measles
DboX1EsiQji,https://www.instagram.com/p/DboX1EsiQji/,@reels,2026-08-15,MMR,regi.san777,2026-09-01,hashtag:#measles
DboX1EsiQji,https://www.instagram.com/p/DboX1EsiQji/,@reels,2026-08-17,mmr,iuliiakirianova,2026-09-01,hashtag:#measles
DboX1EsiQji,https://www.instagram.com/p/DboX1EsiQji/,@reels,2026-08-14,Mmr,windaph,2026-09-01,hashtag:#measles
DboX1EsiQji,https://www.instagram.com/p/DboX1EsiQji/,@reels,2026-08-14,Mmr,fatihah.ghazali88,2026-09-01,hashtag:#measles
DboX1EsiQji,https://www.instagram.com/p/DboX1EsiQji/,@reels,2026-08-18,Mmr,luisferdm,2026-09-01,hashtag:#measles
DboX1EsiQji,https://www.instagram.com/p/DboX1EsiQji/,@reels,2026-08-15,Mmr,mileena_generacijo,2026-09-01,hashtag:#measles
DboX1EsiQji,https://www.instagram.com/p/DboX1EsiQji/,@reels,2026-08-17,Mmr,raji_hrithvik,2026-09-01,hashtag:#measles
DboX1EsiQji,https://www.instagram.com/p/DboX1EsiQji/,@reels,2026-08-18,mmr,pihu123789,2026-09-01,hashtag:#measles
DboX1EsiQji,https://www.instagram.com/p/DboX1EsiQji/,@reels,2026-08-12,"MMR is measles, mumps and Rubella and this is about meningitis 🤔🤔🤔",amyweasler,2026-09-01,hashtag:#measles
DboX1EsiQji,https://www.instagram.com/p/DboX1EsiQji/,@reels,2026-08-14,MMR,gloris_gl,2026-09-01,hashtag:#measles
DceG8K7uhZE,https://www.instagram.com/p/DceG8K7uhZE/,@reels,2026-08-25,Note to self. Never move to So. Carolina,vtdesigngirl,2026-09-01,hashtag:#measles
DceG8K7uhZE,https://www.instagram.com/p/DceG8K7uhZE/,@reels,2026-08-25,"Great. So when you get sick, don’t go to the hospital and ask for help because you don’t trust science.",mark47982023,2026-09-01,hashtag:#measles
DceG8K7uhZE,https://www.instagram.com/p/DceG8K7uhZE/,@reels,2026-08-25,But these people trust Trump.,randajean54,2026-09-01,hashtag:#measles
DceG8K7uhZE,https://www.instagram.com/p/DceG8K7uhZE/,@reels,2026-08-25,"Yeah, why trust scientists? Let’s trust Trump instead. That sounds like a great idea 🤦🏻‍♀️",hettycambridge,2026-09-01,hashtag:#measles
DceG8K7uhZE,https://www.instagram.com/p/DceG8K7uhZE/,@reels,2026-08-25,I guess scientist and doctors are given honorary degrees.🙄What happens when these people get sick? Where do they go 🤔,witchywoman7929,2026-09-01,hashtag:#measles
DceG8K7uhZE,https://www.instagram.com/p/DceG8K7uhZE/,@reels,2026-08-25,I weep for the future of this country...again.,acoustictherapy52,2026-09-01,hashtag:#measles
DceG8K7uhZE,https://www.instagram.com/p/DceG8K7uhZE/,@reels,2026-08-25,I wish he would say “looks like your hair came out of a lab?”,pennylane4488,2026-09-01,hashtag:#measles
DceG8K7uhZE,https://www.instagram.com/p/DceG8K7uhZE/,@reels,2026-08-25,The circus music in the back ground is so fitting!!!!!!!!!!!!!!!,mikeb_fl02,2026-09-01,hashtag:#measles
DceG8K7uhZE,https://www.instagram.com/p/DceG8K7uhZE/,@reels,2026-08-25,"South Carolina, 43rd in education for a reason, bottom of the country in most quality of life metrics too. This isn’t a coincidence.",lawson2379,2026-09-01,hashtag:#measles
DceG8K7uhZE,https://www.instagram.com/p/DceG8K7uhZE/,@reels,2026-08-25,"You get the chicken pox vaccine and you still get chicken pox? As an early childhood educator, I can say kids do not get chicken pox like they used to. I can’t even remember the last time a student actually had chicken pox. Vaccines work.",sgraf_15,2026-09-01,hashtag:#measles
DceG8K7uhZE,https://www.instagram.com/p/DceG8K7uhZE/,@reels,2026-08-25,If you don’t trust science don’t drive a car or live in a modern house. . . Lotta science went into designing them,little__misss__sunshine,2026-09-01,hashtag:#measles
DceG8K7uhZE,https://www.instagram.com/p/DceG8K7uhZE/,@reels,2026-08-25,"Two people d**d today in PA from measles, shocker, they weren't vaccinated.",itsjustme_d,2026-09-01,hashtag:#measles
DceG8K7uhZE,https://www.instagram.com/p/DceG8K7uhZE/,@reels,2026-08-25,"I love the background music of these clips. What a circus! Call in the clowns. Oh, wait. They're already here! 😂😂🤣🤣",manfredmlange,2026-09-01,hashtag:#measles
DceG8K7uhZE,https://www.instagram.com/p/DceG8K7uhZE/,@reels,2026-08-25,Darwinism will resolve these disputes!,jimwenjimwen,2026-09-01,hashtag:#measles
DceG8K7uhZE,https://www.instagram.com/p/DceG8K7uhZE/,@reels,2026-08-25,This is “Deliverance.” The sequel.,mrnormb,2026-09-01,hashtag:#measles
DcOu_DbNYPF,https://www.instagram.com/p/DcOu_DbNYPF/,@reels,2026-08-20,"Specifically with illegal immigrants it's not the right at which they get immunized because even with today's anti-vax stances with certain demographics, it's the concentration of the unvaccinated populations in Metro areas where they are overexposed to potential outbreaks and bring down the 90 to 95% immunization rate inside the general population and are very easily identifiable as the epicenters of outbreaks. That's not even including the ones that come here with active infections that spread it the second they touch American soil",georgearamkamajian,2026-09-01,hashtag:#measles
DcsjtbXPBxz,https://www.instagram.com/p/DcsjtbXPBxz/,@reels,2026-08-31,🥳 Alhamdulillah SDN Bedadung 01sudah imunisasi,novita.ekadewi89,2026-09-01,hashtag:#campak
DcsjtbXPBxz,https://www.instagram.com/p/DcsjtbXPBxz/,@reels,2026-08-31,Menuju indonesia emas generasi muda harus sehat,ahmedjalal657,2026-09-01,hashtag:#campak
DcsjtbXPBxz,https://www.instagram.com/p/DcsjtbXPBxz/,@reels,2026-08-31,🔥,rustianasusi43,2026-09-01,hashtag:#campak
DcsjtbXPBxz,https://www.instagram.com/p/DcsjtbXPBxz/,@reels,2026-08-31,Semoga sehat semua,alby_azzami,2026-09-01,hashtag:#campak
DcsjtbXPBxz,https://www.instagram.com/p/DcsjtbXPBxz/,@reels,2026-08-31,Bpk ibu gurunya kpn disuntik jg,ahmedjalal657,2026-09-01,hashtag:#campak
Dacmw7UTgop,https://www.instagram.com/p/Dacmw7UTgop/,@reels,2026-07-14,Ni marketing vaxx naah saya tanyak vaxx covid kmarin byk yg modaar gmn tu mbak ?,gungg4lung,2026-09-01,hashtag:#campak
Dacmw7UTgop,https://www.instagram.com/p/Dacmw7UTgop/,@reels,2026-07-07,Ini konten Apa lagi promosi vaksin ni?,bringinerwin,2026-09-01,hashtag:#campak
Dacmw7UTgop,https://www.instagram.com/p/Dacmw7UTgop/,@reels,2026-07-06,Mantap dok,friskanila.friska,2026-09-01,hashtag:#campak
Dacmw7UTgop,https://www.instagram.com/p/Dacmw7UTgop/,@reels,2026-07-07,"Akun2 dokter senior di luar negeri yg KATANYA antivax pdhl berbasis evidence, penelitian & science silakan cari perbandingan dan simpulkan sendiri @petermcculloughmd @drjameshuang @rxforliberty @fenixcarriem @drpah @drmercola @andrewkaufmanmd @dr.palevsky @dr.b.e.n__t.a.p.p.e.r @drbobsears",umy.sulistyowati,2026-09-01,hashtag:#campak
Dacmw7UTgop,https://www.instagram.com/p/Dacmw7UTgop/,@reels,2026-07-07,"Semua merk vaksin baik 15 gratis dr pemerintah / berbayar: aman, halal, bermanfaat, berkualitas. Dua prinsip vaksin: tidak ada kata terlambat dalam vaksin, semua balita dan anak SD bs kejar imunisasinya segera ke puskesmas dan posyandu GRATIS, juga gak ada overdosis dalam vaksin jd klo lupa sdh vaksin lengkap atau blm, anggap saja blm lengkap silakan lengkapi vaksinnya. Antivaksin jgn tambah panen dosa jariyahnya: gak vaksin dosa (membahayakan diri dan org sekitar), tebar hoax dosa, gak ikhtiar dan tabayyun dosa, gak percaya ulil amri (pemimpin dan ahli) dosa. Yang vaksin melakukan amal jariyah. Semangat sehat semua",ngabilasalama,2026-09-01,hashtag:#campak
Dacmw7UTgop,https://www.instagram.com/p/Dacmw7UTgop/,@reels,2026-07-06,"Bkn itu saja knpa org tdk mau vaksin utk anak nya stelah lahir, sy pernah mendptkan bbrp pasien ditempat praktek saya, sy tanyakan kpd ortu nya knpa semua anak nya tdk divaksin dr sejak lahir?? Mereka bilang krn agama mengajarkan vaksin yg ada tkt terbuat dr sel2 babi, jd haram utk dimasukkan ke dlm tubuh, jd bkn krn konspirasi saja dr @ngabilasalama",maya.sandra.925,2026-09-01,hashtag:#campak
Dacmw7UTgop,https://www.instagram.com/p/Dacmw7UTgop/,@reels,2026-07-07,Bljr lagi ya siapa yg pertama bikin vaksin dan tujuan nya apa biar ga menyesatkan,mohd_husni_faiz,2026-09-01,hashtag:#campak
Dacmw7UTgop,https://www.instagram.com/p/Dacmw7UTgop/,@reels,2026-07-06,"Nech Resiko vaksin.... Buka matanya...
https://circleofmamas.com/health-news/newborn-dies-6-hours-after-vaccines-parents-sue-anna-sims-story/",gendhizz.jawi,2026-09-01,hashtag:#campak
Dacmw7UTgop,https://www.instagram.com/p/Dacmw7UTgop/,@reels,2026-07-06,"Kalau ngga ada istilah overdosis, di infuskan aja sekalian, gmn?",ilensrg,2026-09-01,hashtag:#campak
DYjVK8BSPfY,https://www.instagram.com/p/DYjVK8BSPfY/,@reels,2026-05-21,Mauu mbak,taanrii,2026-09-01,hashtag:#campak
DYjVK8BSPfY,https://www.instagram.com/p/DYjVK8BSPfY/,@reels,2026-05-20,"Yg mau ikut komen ya, cari 2 org lg 😁",delttaaaa,2026-09-01,hashtag:#campak
Dak547it5wY,https://www.instagram.com/p/Dak547it5wY/,@reels,2026-07-10,haii Ade kanaya,labuci_phillyoung,2026-09-01,hashtag:#campak
Dak547it5wY,https://www.instagram.com/p/Dak547it5wY/,@reels,2026-07-09,Lucu dan mungil banget ❤️,caramellhamdi,2026-09-01,hashtag:#campak
Dak547it5wY,https://www.instagram.com/p/Dak547it5wY/,@reels,2026-07-13,Nangis bgt aku pas tau Kanaya ini bukan sekedar animasi yallah nak 😢😢💔💔,aliarizkyk,2026-09-01,hashtag:#campak
Dak547it5wY,https://www.instagram.com/p/Dak547it5wY/,@reels,2026-07-10,❤️❤️❤️,nimaturnia,2026-09-01,hashtag:#campak
Dak547it5wY,https://www.instagram.com/p/Dak547it5wY/,@reels,2026-07-10,Sicantik....,yentitries,2026-09-01,hashtag:#campak
Dak547it5wY,https://www.instagram.com/p/Dak547it5wY/,@reels,2026-07-10,Aku kanaya asli hihi,kay51849,2026-09-01,hashtag:#campak
Dak547it5wY,https://www.instagram.com/p/Dak547it5wY/,@reels,2026-07-10,Gemes bngt lihatnya... Pa lagi lesung pipinya😍😍,rroh_ayya88,2026-09-01,hashtag:#campak
DbXolglx4w9,https://www.instagram.com/p/DbXolglx4w9/,@reels,2026-07-30,❤️,penerbitrevormasi,2026-09-01,hashtag:#campak
DW5tqBPk4vf,https://www.instagram.com/p/DW5tqBPk4vf/,@reels,2026-04-10,Terimakasih infonya dok,vardiandika,2026-09-01,hashtag:#campak
DbW8iGDpJDS,https://www.instagram.com/p/DbW8iGDpJDS/,@reels,2026-07-29,😂😂😂,queengewinta,2026-09-01,hashtag:#campak
Dcm3ZKQTya4,https://www.instagram.com/p/Dcm3ZKQTya4/,@reels,2026-08-29,😂❤️,elishadiii,2026-09-01,hashtag:#campak
DWimSQTkjUw,https://www.instagram.com/p/DWimSQTkjUw/,@reels,2026-03-31,"Yuk saling jaga, saling melindungi",lussyprymasanty,2026-09-01,hashtag:#campak
DYq_ouhmg-J,https://www.instagram.com/p/DYq_ouhmg-J/,@reels,2026-05-26,คิดว่าไม่น่าจะเหลือหรอกเพราะว่าก็เคยดูเกี่ยวกับประวัติประวัติศาสตร์ ก็เคยมีการทำเนื้อหาที่เกี่ยวกับว่าหมอหลวงไปรักษาขุนนางติดเชื้อมีหนองในนู่นนั่นนี่เหมือนกันเพราะว่ามั่วสุมกับพวกสนม และผู้หญิงขายบริการ,burberry_sararinthara,2026-09-01,hashtag:#โรคหัด
DYq_ouhmg-J,https://www.instagram.com/p/DYq_ouhmg-J/,@reels,2026-05-25,เสพผู้หญิงเยอะ ดีตรงไหน ขนาดฮ่องเต้ยังติดโรค 5555,aglaea_99,2026-09-01,hashtag:#โรคหัด
DYq_ouhmg-J,https://www.instagram.com/p/DYq_ouhmg-J/,@reels,2026-06-02,คู่นอนมากก็เสี่ยงมาก เคยเห็นคนนึงทำคอนเท้นเทสระบบจูบผู้ชายจีนมากหน้าหลายตา ว่าน้ำลายก็มีเชื้อโรคนะคะ แต่นางมั่นใจจัดว่าปลอดโรค 😆ขอให้ปลอดภัยค่ะ,newpromotionclinic,2026-09-01,hashtag:#โรคหัด
DYq_ouhmg-J,https://www.instagram.com/p/DYq_ouhmg-J/,@reels,2026-05-27,"สมน้ำหน้า สัส แม่ง!
H I V💔",leqlcxlk,2026-09-01,hashtag:#โรคหัด
DaUk18eE3z_,https://www.instagram.com/p/DaUk18eE3z_/,@reels,2026-07-07,❤️,tanwa_nest,2026-09-01,hashtag:#โรคหัด
DaPiaHlDTO_,https://www.instagram.com/p/DaPiaHlDTO_/,@reels,2026-07-01,Dm us 🤍,mentalhealthtimemagazine,2026-09-01,hashtag:#โรคหัด
Db6ChSqzXXh,https://www.instagram.com/p/Db6ChSqzXXh/,@reels,2026-08-11,😮,skinistatips,2026-09-01,hashtag:#โรคหัด
Db6ChSqzXXh,https://www.instagram.com/p/Db6ChSqzXXh/,@reels,2026-08-11,😢,skinistatips,2026-09-01,hashtag:#โรคหัด
Db6ChSqzXXh,https://www.instagram.com/p/Db6ChSqzXXh/,@reels,2026-08-16,ครบจบ,meya___30,2026-09-01,hashtag:#โรคหัด
Db6ChSqzXXh,https://www.instagram.com/p/Db6ChSqzXXh/,@reels,2026-08-11,💢,skinistatips,2026-09-01,hashtag:#โรคหัด
Db6ChSqzXXh,https://www.instagram.com/p/Db6ChSqzXXh/,@reels,2026-08-11,😨,skinistatips,2026-09-01,hashtag:#โรคหัด
DZGvhqPknbW,https://www.instagram.com/p/DZGvhqPknbW/,@reels,2026-06-03,ดีนะผมฝึกเป็น แบบ อดิเรก,onomka56,2026-09-01,hashtag:#โรคหัด
DZGvhqPknbW,https://www.instagram.com/p/DZGvhqPknbW/,@reels,2026-06-08,งานกลางคืน มนุษย์ถูกออกแบบมาให้นอนกลางคืน ตื่นตอนเช้า,arm1988__,2026-09-01,hashtag:#โรคหัด
DZGvhqPknbW,https://www.instagram.com/p/DZGvhqPknbW/,@reels,2026-06-24,ซื้อเครื่องดนตรีหมดไม่มีตังกินข้าว ซึมเศร้าเลย😅,p_on_g,2026-09-01,hashtag:#โรคหัด
DZGvhqPknbW,https://www.instagram.com/p/DZGvhqPknbW/,@reels,2026-06-04,จงรักกันและอยู่ใกล้กัน แต่ขอให้มีที่ว่างให้สายลมแห่งรักพัดผ่าน -โจ้ พอช,domedoge_pv,2026-09-01,hashtag:#โรคหัด
DZGvhqPknbW,https://www.instagram.com/p/DZGvhqPknbW/,@reels,2026-06-06,มาลีฮวนน่า😂😂,vern_2809,2026-09-01,hashtag:#โรคหัด
DZGvhqPknbW,https://www.instagram.com/p/DZGvhqPknbW/,@reels,2026-07-01,นักดนตรีคนไหนเศร้ามาให้ผมปลอบมาา,prang._.o13,2026-09-01,hashtag:#โรคหัด
DZGvhqPknbW,https://www.instagram.com/p/DZGvhqPknbW/,@reels,2026-06-04,ก็อาจจะจริงนะคะ อาจจะแล้วแต่คน แต่ส่วนตัวเรารู้สึกว่าการแต่งเพลงมันเป็นการได้ระบายออกมาที่ได้ผลดีวิธีนึงเลย เป็นคนอยู่กับดนตรีมาตลอดเริ่มแต่งเพลงเพราะเจอเรื่องแย่มากๆจนไม่รู้ต้องทำยังไง พอแต่งเสร็จแล้วเราพอใจในเพลงเรามันก็รู้สึกดีขึ้นทำให้เราอยากทำมันต่อไป มันเหมือนเปลี่ยนความเศร้าและความรู้สึกที่อธิบายไม่ได้ให้กลายเป็นเสียงที่คนอื่นฟังแล้วเข้าใจ ไม่รู้เป็นเรื่องดีมั้ยแต่พอเจอเรื่องเศร้าต้องรีบมานั่งเขียนเพลง เป็นแบบนี้มาตลอด อย่างน้อยเวลาที่เราเศร้าเราก็ได้โอกาสในการแต่งเพลงเพิ่ม มันเหมือนเป็นเรื่องดีในเรื่องที่ไม่ดี ส่วนตัวเราเลยรู้สึกว่ามันไม่ได้ทำให้เราแย่ลงแต่มันทำให้ดีขึ้น,cloudyyy_iii,2026-09-01,hashtag:#โรคหัด
DZGvhqPknbW,https://www.instagram.com/p/DZGvhqPknbW/,@reels,2026-06-06,ฟัง metronome ครับเลยบ้า😘,kaowmunkaii,2026-09-01,hashtag:#โรคหัด
DZGvhqPknbW,https://www.instagram.com/p/DZGvhqPknbW/,@reels,2026-06-14,ยืมนะครับ🔥,arilf2555,2026-09-01,hashtag:#โรคหัด
DZGvhqPknbW,https://www.instagram.com/p/DZGvhqPknbW/,@reels,2026-06-04,"เอาจริง ศิลปินทุกแขนงเสี่ยงเป็นซึมเศร้าได้หมด โดยเฉพาะอย่างยิ่งในปัจจุบันที่เไสามารถสร้างผลงาน ""ศิลปะ"" ต่าง ๆ แต่การที่เไจะทำได้นั้น มันก็ต้องเทรนและเอาข้อมูลศิลปะจากคนอื่น เไจึงถูกศิลปินบางส่วนประณามว่าขโมยผลงานศิลปะไป อีกทั้งนายทุนเลือกใช้เไในการสร้างผลงานมากกว่าศิลปินจริง ๆ เพื่อลดต้นทุน ทำให้ศิลปินถูกจ้างน้อยลงและมีรายได้ไม่เพียงพอ",napassornwindy,2026-09-01,hashtag:#โรคหัด
DZGvhqPknbW,https://www.instagram.com/p/DZGvhqPknbW/,@reels,2026-06-05,กุใกล้จะบ้าเเละ55555555,1984night,2026-09-01,hashtag:#โรคหัด
DZGvhqPknbW,https://www.instagram.com/p/DZGvhqPknbW/,@reels,2026-06-10,นักเเต่งเพลง คนที่เเต่งเพลงยิ่งหนัก,armplr._,2026-09-01,hashtag:#โรคหัด
DZGvhqPknbW,https://www.instagram.com/p/DZGvhqPknbW/,@reels,2026-06-06,อย่าอินกับขวิตและผู้หญิงเกินไป รักตัวเอวเยอะๆ.ok,pu.xthi.cha.2024,2026-09-01,hashtag:#โรคหัด
DclF_iLE4P_,https://www.instagram.com/p/DclF_iLE4P_/,@reels,2026-08-28,ขอบคุณสำหรับความรู้ค่ะ จะปรับนะคะ 🥹🙏,mild19jkk,2026-09-01,hashtag:#โรคหัด
DclF_iLE4P_,https://www.instagram.com/p/DclF_iLE4P_/,@reels,2026-08-28,🙌🙌❤️❤️❤️,puu_hiw,2026-09-01,hashtag:#โรคหัด
DclF_iLE4P_,https://www.instagram.com/p/DclF_iLE4P_/,@reels,2026-08-29,Pcos กำลังลดอยู่ค่ะ ออกกำลังกาย&เลือกทานอาหารดีๆ,khun_phetchy,2026-09-01,hashtag:#โรคหัด
DclF_iLE4P_,https://www.instagram.com/p/DclF_iLE4P_/,@reels,2026-08-31,"จากคนอ้วน100kg ตอนคิดจะลด แค่อยากผอม ลง อยากน้ำหนักลดเยอะๆ
จนไม่ได้สนใจสุขภาพหรอก แต่เมื่อเข้าวงการนี้กินดีออกกำลังกาย ไปได้สัก2ปี จะเข้าใจคำว่า สุขภาพสำคัญกว่าคำว่าผอม หุ่นดีไม่ได้มาง่ายๆ สุขภาพดี มันต้อง สะสม ด้วยระยะเวลา และสม่ำเสมอ
ออกกำลังกาย สะสมกล้ามเนื้อ ต่อไป💪
หุ่นดีคือกำไร☺️",love_diet86.50kg,2026-09-01,hashtag:#โรคหัด
DclF_iLE4P_,https://www.instagram.com/p/DclF_iLE4P_/,@reels,2026-08-31,คนผอม แล้ว แต่ LDL สูง ละ ลดนน ได้หรอคะ,jzang7824,2026-09-01,hashtag:#โรคหัด
DclF_iLE4P_,https://www.instagram.com/p/DclF_iLE4P_/,@reels,2026-08-30,@yep____po,pw.wat,2026-09-01,hashtag:#โรคหัด
DclF_iLE4P_,https://www.instagram.com/p/DclF_iLE4P_/,@reels,2026-08-28,เราเป็นผู้ป่วยเบาหวานแล้วมีไขมันพอกตับทุกวันนี้ออกกำลังกายอาทิตย์ละสี่วันค่ะ เวทเทรนนิ่งและคาร์ดิโอ ไม่ได้อยากหุ่นดีแต่แค่ไม่อยากเป็นภาระใครค่ะ😊,phoebe_keeratikorn_kiki,2026-09-01,hashtag:#โรคหัด
DclF_iLE4P_,https://www.instagram.com/p/DclF_iLE4P_/,@reels,2026-08-28,เราไม่ได้เป็นอ้วน แต่ชอบออกกำลังกาย เพราะเราไม่อยากป่วย หลายคนชอบบอกเราว่า จะออกกำลังกายทำไมนักหนา ไม่ได้อ้วน ตัวนิดเดียว mindset ผิดที่คิดว่า การออกกำลังกายคือต้องอยากผอมอย่างเดียว,nim_n_l_p_n,2026-09-01,hashtag:#โรคหัด
DclF_iLE4P_,https://www.instagram.com/p/DclF_iLE4P_/,@reels,2026-08-29,ตั้งแต่เริ่มเจ็บหัวเข่า ก็หันมาออกกำลังกายเลยคะ เพราะอาจจะเตือนว่าเรานํ้าหนักมากขึ้น,parichat_khaw,2026-09-01,hashtag:#โรคหัด
DclF_iLE4P_,https://www.instagram.com/p/DclF_iLE4P_/,@reels,2026-08-28,หมอให้ลดน้ำตาลน้ำหนักไม่ขึ้นเท่าเดิม,srirasangwalow,2026-09-01,hashtag:#โรคหัด
DclF_iLE4P_,https://www.instagram.com/p/DclF_iLE4P_/,@reels,2026-08-29,เป็นpcos ลดมา3ปี ลงปีละโล บางที ลง2โล ไปเที่ยว7วัน ขึ้น3โล ท้อค่ะ ท้อมาก,jida.pp,2026-09-01,hashtag:#โรคหัด
DclF_iLE4P_,https://www.instagram.com/p/DclF_iLE4P_/,@reels,2026-08-28,"พยายามลดแป้งและอาหารมันอยู่ค่ะตอนนี้
ไตรกีซาไรต์ เริ่มสูง
คอเลสเตอรอล เริ่มสูง
LDL เริ่มสูง
กลัวข้อ 1 มากๆๆค่ะตอนนี้

ขอบคุณคุณหมอสำหรับข้อมูลดีๆค่ะ🙏🏻🥹",gan_43,2026-09-01,hashtag:#โรคหัด
DclF_iLE4P_,https://www.instagram.com/p/DclF_iLE4P_/,@reels,2026-08-28,อ่านจนจบทำไมไม่มีโรคกระดูกทับเส้นประสาท เพราะฉันเคยเป็น เจ็บทรมานมาก หมอให้ลดน้ำหนัก,rattanajamit,2026-09-01,hashtag:#โรคหัด
DclF_iLE4P_,https://www.instagram.com/p/DclF_iLE4P_/,@reels,2026-08-29,@praetara วันเกิดปีนี้ไม่อยากได้อะไรนอกจาก ให้เทอออกกำลังกายจริงจัง,wirunpas,2026-09-01,hashtag:#โรคหัด
DclF_iLE4P_,https://www.instagram.com/p/DclF_iLE4P_/,@reels,2026-08-29,เคยหนัก 50 ค่ะ แต่ตอนนี้หนัก 81 เพราะใช้ชีวิตพังมาก 3-4 ปีที่ผ่านมาทำงานหนัก กินนอนไม่เป็นเวลา ทำให้โหยหาขสมเหมือนคนน้ำตาลตก ตอนนี้อาจารย์หมอ 3 ท่านขอให้ลดน้ำหนักให้ได้ค่ะ แต่ลดยากมากกว่าจะได้ 1 กิโลกรัมค่ะ คุณหมอขอ 4-5 กิโลภายในปีนี้😢,paesypaesy,2026-09-01,hashtag:#โรคหัด
DaBilftSn-n,https://www.instagram.com/p/DaBilftSn-n/,@reels,2026-06-27,"If you rename it, why not a new name instead of shortening the old one? Isn't the association still there? It feels to me like calling someone ""M. Smith"" instead of ""Marc Smith"". You still know the full name but just don't pronounce it.",flo__stein,2026-09-01,hashtag:#mpox
DaBilftSn-n,https://www.instagram.com/p/DaBilftSn-n/,@reels,2026-06-26,🏳️‍🌈 crowd virus. The vast majority of cases are indeed in this 1 community. Perhaps less social whining and more focus on reality,glennebmartin,2026-09-01,hashtag:#mpox
DaBilftSn-n,https://www.instagram.com/p/DaBilftSn-n/,@reels,2026-06-26,"The goal is to get people to take it seriously, which is why the name was changed. It's why they changed Corona to covid. Unfortunately for this one, that switch was too late, and the original name was too silly ( and people weren't going to fall for the same thing so quickly after the other ) and so it didn't catch on and that attempt failed. They tried again earlier this year with hantavirus, and didn't even get the chance to change the name before that one failed.",jacob.t.justice,2026-09-01,hashtag:#mpox
DaBilftSn-n,https://www.instagram.com/p/DaBilftSn-n/,@reels,2026-06-26,"Evidence-based healthcare policy must be protected!
Canada is not immune to that same political pressure…

Thank you for another informative video! ✊",revolutionpartycanada,2026-09-01,hashtag:#mpox
DaBilftSn-n,https://www.instagram.com/p/DaBilftSn-n/,@reels,2026-06-27,it's not that deep bruh,massindustrialsabotage,2026-09-01,hashtag:#mpox
Dbh78gUjf4K,https://www.instagram.com/p/Dbh78gUjf4K/,@reels,2026-08-02,👏,kiarasel72,2026-09-01,hashtag:#mpox
DU56ZSIjklI,https://www.instagram.com/p/DU56ZSIjklI/,@reels,2026-02-21,Poderia me mandar esse folder?,brendabiomedicina,2026-09-01,hashtag:#mpox
DU56ZSIjklI,https://www.instagram.com/p/DU56ZSIjklI/,@reels,2026-02-22,Poderia mandar esse folder?,inaaaoliveira,2026-09-01,hashtag:#mpox
DU56ZSIjklI,https://www.instagram.com/p/DU56ZSIjklI/,@reels,2026-03-10,Como assim ?,pvddany_98,2026-09-01,hashtag:#mpox
DU56ZSIjklI,https://www.instagram.com/p/DU56ZSIjklI/,@reels,2026-03-11,Como é transmitodo o vírus ?,robsonsampaiopl,2026-09-01,hashtag:#mpox
DU56ZSIjklI,https://www.instagram.com/p/DU56ZSIjklI/,@reels,2026-03-10,Por que minha amiga foi e a médica falou que ela catapora,pvddany_98,2026-09-01,hashtag:#mpox
DU56ZSIjklI,https://www.instagram.com/p/DU56ZSIjklI/,@reels,2026-02-25,"Tudo isso começou após a chegada de navios com médicos chineses, que teriam realizado atendimentos a alguns imigrantes chineses no Brasil.",marcosjrpb,2026-09-01,hashtag:#mpox
DVRlGGSj9Ol,https://www.instagram.com/p/DVRlGGSj9Ol/,@reels,2026-02-28,Cadê Colatina ES ??,sellma_oliiveira,2026-09-01,hashtag:#mpox
DVRlGGSj9Ol,https://www.instagram.com/p/DVRlGGSj9Ol/,@reels,2026-02-28,😂😂,joab.borges.9615,2026-09-01,hashtag:#mpox
DVRlGGSj9Ol,https://www.instagram.com/p/DVRlGGSj9Ol/,@reels,2026-02-28,Desculpa perguntar. O q estão fazendo p conter?! Já tem alguma vacina etc ...,alemachado08.12,2026-09-01,hashtag:#mpox
DVRlGGSj9Ol,https://www.instagram.com/p/DVRlGGSj9Ol/,@reels,2026-02-28,Vai p o carnaval e bom ne,edna_9775,2026-09-01,hashtag:#mpox
DVRlGGSj9Ol,https://www.instagram.com/p/DVRlGGSj9Ol/,@reels,2026-03-10,O ruim é uma nova variante aparecer no Brasil,claudiney.lopes2010hotmail.co,2026-09-01,hashtag:#mpox
DY5Nl01kk6U,https://www.instagram.com/p/DY5Nl01kk6U/,@reels,2026-05-28,Hi aytia,hoyablugh,2026-09-01,hashtag:#mpox
DYvYpwxRmsJ,https://www.instagram.com/p/DYvYpwxRmsJ/,@reels,2026-05-25,❤️ gracias por crear contenido valioso para tod@s! 🙌,ecespedesi,2026-09-01,hashtag:#mpox
DYvYpwxRmsJ,https://www.instagram.com/p/DYvYpwxRmsJ/,@reels,2026-05-26,"Hola, por qué solo se vacuna después de la exposición, si el objetivo de las vacunas es precisamente prevenir? 🤔",maocampos_,2026-09-01,hashtag:#mpox
DYvYpwxRmsJ,https://www.instagram.com/p/DYvYpwxRmsJ/,@reels,2026-05-26,@comunidadmadrid,mariathathiana,2026-09-01,hashtag:#mpox
DYvYpwxRmsJ,https://www.instagram.com/p/DYvYpwxRmsJ/,@reels,2026-05-26,"Como se puede dar el contagio, hace unos días en una clínica en Medellín, había un señor con estos "" granos"" y habíamos varias personas alrededor en espera de una atención de cita médica",scootourmedellin,2026-09-01,hashtag:#mpox
DYvYpwxRmsJ,https://www.instagram.com/p/DYvYpwxRmsJ/,@reels,2026-05-25,Que es mpox,isacrisarcila,2026-09-01,hashtag:#mpox
DYvYpwxRmsJ,https://www.instagram.com/p/DYvYpwxRmsJ/,@reels,2026-06-20,En caso de un contacto se va de inmediato a urgencias?,rafapolo94,2026-09-01,hashtag:#mpox
DYvYpwxRmsJ,https://www.instagram.com/p/DYvYpwxRmsJ/,@reels,2026-06-20,Cuantas vacunas se debe poner?,rafapolo94,2026-09-01,hashtag:#mpox
DZJQkstCWYz,https://www.instagram.com/p/DZJQkstCWYz/,@reels,2026-06-04,They keep trying and God keeps stopping them!😂,armyoflight2025,2026-09-01,hashtag:#mpox
DZJQkstCWYz,https://www.instagram.com/p/DZJQkstCWYz/,@reels,2026-06-04,Makes you think…what else don’t we know?,jennaleebishop88,2026-09-01,hashtag:#mpox
DZJQkstCWYz,https://www.instagram.com/p/DZJQkstCWYz/,@reels,2026-06-04,🚨🫪🚨🫪🚨,turnleft_righthere,2026-09-01,hashtag:#mpox
DZJQkstCWYz,https://www.instagram.com/p/DZJQkstCWYz/,@reels,2026-06-04,Trust them? No f’n way,cptginger777,2026-09-01,hashtag:#mpox
DU8DBq3DurH,https://www.instagram.com/p/DU8DBq3DurH/,@reels,2026-02-24,Qual o perigo que pode causar às pessoas que contraem?,stockanamaria,2026-09-01,hashtag:#mpox
DU8DBq3DurH,https://www.instagram.com/p/DU8DBq3DurH/,@reels,2026-02-19,👏👏,joiascuidadores,2026-09-01,hashtag:#mpox
DU8DBq3DurH,https://www.instagram.com/p/DU8DBq3DurH/,@reels,2026-02-19,👏👏,c.icalcados_acessorio,2026-09-01,hashtag:#mpox
DU8DBq3DurH,https://www.instagram.com/p/DU8DBq3DurH/,@reels,2026-02-19,👏👏👏👏 boa ilustração,luismovidopeloestudo,2026-09-01,hashtag:#mpox
DXKjrh9RSmp,https://www.instagram.com/p/DXKjrh9RSmp/,@reels,2026-04-18,👏👏👏,garrutti,2026-09-01,hashtag:#mpox
DXKjrh9RSmp,https://www.instagram.com/p/DXKjrh9RSmp/,@reels,2026-04-27,🤍,vncsctnh,2026-09-01,hashtag:#mpox
DXKjrh9RSmp,https://www.instagram.com/p/DXKjrh9RSmp/,@reels,2026-04-19,🙏🙏🙏🙏🙏🙏🙏,juliaionerodriguesri,2026-09-01,hashtag:#mpox
DXKjrh9RSmp,https://www.instagram.com/p/DXKjrh9RSmp/,@reels,2026-05-27,"Que vc fique bem logo, bonito!🙌❤️",hugolacerdda,2026-09-01,hashtag:#mpox
DXKjrh9RSmp,https://www.instagram.com/p/DXKjrh9RSmp/,@reels,2026-05-08,"Gratidão a Deus, é o que importa, filho! Ele te ama e cuida de vc a cada dia! Fica bem!Um beijo 💋",reginacsouzas,2026-09-01,hashtag:#mpox
DXKjrh9RSmp,https://www.instagram.com/p/DXKjrh9RSmp/,@reels,2026-06-10,"Verdade, melhoras meu bem e sucesso 🙌👏",vinicius_schantter,2026-09-01,hashtag:#mpox
DXKjrh9RSmp,https://www.instagram.com/p/DXKjrh9RSmp/,@reels,2026-05-21,Deus te abençoe!,marciaasalerno,2026-09-01,hashtag:#mpox
DXKjrh9RSmp,https://www.instagram.com/p/DXKjrh9RSmp/,@reels,2026-05-01,Saúde. Tudo vai dar certo.,fbs80,2026-09-01,hashtag:#mpox
DXKjrh9RSmp,https://www.instagram.com/p/DXKjrh9RSmp/,@reels,2026-04-18,👏👏👏👏👏🙌❤️,musaedclea,2026-09-01,hashtag:#mpox
DXKjrh9RSmp,https://www.instagram.com/p/DXKjrh9RSmp/,@reels,2026-04-18,Obrigada pelas palavras! Melhoras pra vc!,isabelamoitta,2026-09-01,hashtag:#mpox
DXKjrh9RSmp,https://www.instagram.com/p/DXKjrh9RSmp/,@reels,2026-06-11,AMÉM 🙌🙌🙌. Vc vai sair dessa. Logo vc estará em casa ao lado da sua família se Deus quiser.,lenita_licurci_,2026-09-01,hashtag:#mpox
DXKjrh9RSmp,https://www.instagram.com/p/DXKjrh9RSmp/,@reels,2026-04-17,"Amém amém amém ❤️ seu propósito é grande !!! Você é uma inspiração de força e humanidade! 💫✨🩵 graças a Ele e aos médicos, você está bem!",anandagabriela.nutri,2026-09-01,hashtag:#mpox
DXKjrh9RSmp,https://www.instagram.com/p/DXKjrh9RSmp/,@reels,2026-06-09,Força e saúde❤️👏👏👏,audreicampos,2026-09-01,hashtag:#mpox
DXKjrh9RSmp,https://www.instagram.com/p/DXKjrh9RSmp/,@reels,2026-04-19,Gratidão e uma ótima recuperação!,ssmaganopaz,2026-09-01,hashtag:#mpox
DXKjrh9RSmp,https://www.instagram.com/p/DXKjrh9RSmp/,@reels,2026-04-28,👏,riquezzaoriginal65,2026-09-01,hashtag:#mpox
DYQcOY2R0jp,https://www.instagram.com/p/DYQcOY2R0jp/,@reels,2026-06-26,"Dónde y cómo se puede conseguir la vacuna en Medellín? Hace unos meses mi pareja tuvo mpox, y sufrí mucho tratando de conseguirla sin lograrlo... Afortunadamente y de milagro no me contagié, pero quiero saber cómo puedo acceder en caso de una futura eventualidad",andynore,2026-09-01,hashtag:#mpox
DYaJ1OZEzUp,https://www.instagram.com/p/DYaJ1OZEzUp/,@reels,2026-05-16,สนุกมากกกกกน้ำตาจะไหล 🔥👏❤️,alieyeki_,2026-09-01,hashtag:#โรคเอ็มพ็อกซ์
DYaJ1OZEzUp,https://www.instagram.com/p/DYaJ1OZEzUp/,@reels,2026-05-16,สนุกมากค่า,mhanakhon,2026-09-01,hashtag:#โรคเอ็มพ็อกซ์
DYaJ1OZEzUp,https://www.instagram.com/p/DYaJ1OZEzUp/,@reels,2026-05-16,สนุกมากครับ,warassun,2026-09-01,hashtag:#โรคเอ็มพ็อกซ์
DYaJ1OZEzUp,https://www.instagram.com/p/DYaJ1OZEzUp/,@reels,2026-05-16,สนุกมากเลยค่าา🥹,maiimtm,2026-09-01,hashtag:#โรคเอ็มพ็อกซ์
DYaJ1OZEzUp,https://www.instagram.com/p/DYaJ1OZEzUp/,@reels,2026-05-17,❤️,monizukax,2026-09-01,hashtag:#โรคเอ็มพ็อกซ์
DYaJ1OZEzUp,https://www.instagram.com/p/DYaJ1OZEzUp/,@reels,2026-05-17,สนุกมากค่าา 🙌,tonpor_scfc,2026-09-01,hashtag:#โรคเอ็มพ็อกซ์
DYaJ1OZEzUp,https://www.instagram.com/p/DYaJ1OZEzUp/,@reels,2026-05-16,❤️❤️❤️❤️❤️,tikplayground,2026-09-01,hashtag:#โรคเอ็มพ็อกซ์
DYaJ1OZEzUp,https://www.instagram.com/p/DYaJ1OZEzUp/,@reels,2026-05-16,ได้ถ่ายรูปกับพี่ก็ดีใจแล้วครับ,heng.hk,2026-09-01,hashtag:#โรคเอ็มพ็อกซ์
DYaJ1OZEzUp,https://www.instagram.com/p/DYaJ1OZEzUp/,@reels,2026-05-17,แขนก็ปวดคับพี่ ชูมือขอของเล่นตลอด 😂😂😂😂,beezzz,2026-09-01,hashtag:#โรคเอ็มพ็อกซ์
DYaJ1OZEzUp,https://www.instagram.com/p/DYaJ1OZEzUp/,@reels,2026-05-17,เลิศสุดในงานคร่าพี่อ๊อฟ😂😂😂,tofu_burnt,2026-09-01,hashtag:#โรคเอ็มพ็อกซ์
DWEQWOxgg50,https://www.instagram.com/p/DWEQWOxgg50/,@reels,2026-03-20,ขอแสดงความยินดีกับคุณหมอพลอยนะคะ คุณหมอทําหน้าที่แพทย์ได้อย่างดีเยี่ยม ขอบคุญคุณพ่อ คุณแม่ของคุณหมอที่ดูแลคุณหมอ ให้เป็นหมอที่ดีเยี่ยมนะคะ จากคนไข้ของคุณหมอค่ะ,chintanabangchaisiriwat,2026-09-01,hashtag:#โรคเอ็มพ็อกซ์
Dag4eKYDiVq,https://www.instagram.com/p/Dag4eKYDiVq/,@reels,2026-07-08,สนใจค่ะ,yuii_wichuda_9,2026-09-01,hashtag:#โรคเอ็มพ็อกซ์
Dag4eKYDiVq,https://www.instagram.com/p/Dag4eKYDiVq/,@reels,2026-07-08,@pann_wichy,pampam___ph,2026-09-01,hashtag:#โรคเอ็มพ็อกซ์
Dag4eKYDiVq,https://www.instagram.com/p/Dag4eKYDiVq/,@reels,2026-07-08,เข้าด้วยได้มั๊ยคะ ยังไม่สูงอายุ แต่วีนเก่งมาก 😂,coconut.miu,2026-09-01,hashtag:#โรคเอ็มพ็อกซ์
Dag4eKYDiVq,https://www.instagram.com/p/Dag4eKYDiVq/,@reels,2026-07-08,5555555,bkittypinkkkk,2026-09-01,hashtag:#โรคเอ็มพ็อกซ์
Dag4eKYDiVq,https://www.instagram.com/p/Dag4eKYDiVq/,@reels,2026-07-17,@s.saithip @neung.zip @iiicerinn,genztrue,2026-09-01,hashtag:#โรคเอ็มพ็อกซ์
Dag4eKYDiVq,https://www.instagram.com/p/Dag4eKYDiVq/,@reels,2026-07-18,@jenniferdezell I think this course is for me 😂,jess.pagg,2026-09-01,hashtag:#โรคเอ็มพ็อกซ์
Dag4eKYDiVq,https://www.instagram.com/p/Dag4eKYDiVq/,@reels,2026-07-20,ส่งแม่ฉันไปคนแรกคร้าาาา 55555555,hjs.ubonwan,2026-09-01,hashtag:#โรคเอ็มพ็อกซ์
Dag4eKYDiVq,https://www.instagram.com/p/Dag4eKYDiVq/,@reels,2026-07-24,@ssinesne,song_thunwa_2534,2026-09-01,hashtag:#โรคเอ็มพ็อกซ์
Dag4eKYDiVq,https://www.instagram.com/p/Dag4eKYDiVq/,@reels,2026-07-08,ส่งแม่วัย60ไปเรียนได้ไหมคะ😂,_ra_da_10_,2026-09-01,hashtag:#โรคเอ็มพ็อกซ์
Dag4eKYDiVq,https://www.instagram.com/p/Dag4eKYDiVq/,@reels,2026-07-08,เชิญมาจัดอบรมที่โรงเรียนได้มั้ยคะ,kuntika_mint,2026-09-01,hashtag:#โรคเอ็มพ็อกซ์
Dag4eKYDiVq,https://www.instagram.com/p/Dag4eKYDiVq/,@reels,2026-07-08,รบกวนลงทะเบียน @terk9,alm14,2026-09-01,hashtag:#โรคเอ็มพ็อกซ์
Dag4eKYDiVq,https://www.instagram.com/p/Dag4eKYDiVq/,@reels,2026-07-08,ช่วยสอนบุคคลากรที่รพ.ด้วยได้ไหมคะ 🥲,freshy_frame,2026-09-01,hashtag:#โรคเอ็มพ็อกซ์
Dag4eKYDiVq,https://www.instagram.com/p/Dag4eKYDiVq/,@reels,2026-07-28,@kay_manirat,erio_ofu,2026-09-01,hashtag:#โรคเอ็มพ็อกซ์
Dag4eKYDiVq,https://www.instagram.com/p/Dag4eKYDiVq/,@reels,2026-07-08,แล้วดูรูป 55555 ที่ใช้,sx.scorp,2026-09-01,hashtag:#โรคเอ็มพ็อกซ์
Dag4eKYDiVq,https://www.instagram.com/p/Dag4eKYDiVq/,@reels,2026-07-09,@nnanlunarcharming เราวีนตั้งแต่ยังไม่แก่เบย อ่อ!!!😂😂😂😂,zogood,2026-09-01,hashtag:#โรคเอ็มพ็อกซ์
DZwNRZyk0Pe,https://www.instagram.com/p/DZwNRZyk0Pe/,@reels,2026-06-19,เริ่ดค่ะ🔥❤️❤️,natha.ohh,2026-09-01,hashtag:#โรคเอ็มพ็อกซ์
DZwNRZyk0Pe,https://www.instagram.com/p/DZwNRZyk0Pe/,@reels,2026-06-19,😂😂😂🔥🔥🔥,poppa5656789,2026-09-01,hashtag:#โรคเอ็มพ็อกซ์
DZwNRZyk0Pe,https://www.instagram.com/p/DZwNRZyk0Pe/,@reels,2026-06-19,👏👏🏼👏👏👏😍คุณแพรี่ น่ารัก😍,tidtaya.p,2026-09-01,hashtag:#โรคเอ็มพ็อกซ์
DZwNRZyk0Pe,https://www.instagram.com/p/DZwNRZyk0Pe/,@reels,2026-06-19,5555 ชอบ,mheeerrrereerreee,2026-09-01,hashtag:#โรคเอ็มพ็อกซ์
DZwNRZyk0Pe,https://www.instagram.com/p/DZwNRZyk0Pe/,@reels,2026-06-19,เริ่ด,fonfon6009,2026-09-01,hashtag:#โรคเอ็มพ็อกซ์
DZwNRZyk0Pe,https://www.instagram.com/p/DZwNRZyk0Pe/,@reels,2026-06-19,😂😂,dwadle28,2026-09-01,hashtag:#โรคเอ็มพ็อกซ์
DZwNRZyk0Pe,https://www.instagram.com/p/DZwNRZyk0Pe/,@reels,2026-06-20,น้องเขาแสดงดีมากนะคะ เน้น บทบาทและการแสดงคะ ส่วนหน้าตาน้องเขาสวยยุาแล้วจ๊ 1000เต็ม1000❤️❤️😍😍👍👍👍👍👍👍👍🎁🎁🎁🎁🎁🎁🧡🧡🧡🧡🧡🧡🧡🧡,nannan5283,2026-09-01,hashtag:#โรคเอ็มพ็อกซ์
DZwNRZyk0Pe,https://www.instagram.com/p/DZwNRZyk0Pe/,@reels,2026-06-19,เริสเลยล่ะ,iammwhattiamm,2026-09-01,hashtag:#โรคเอ็มพ็อกซ์
DZwNRZyk0Pe,https://www.instagram.com/p/DZwNRZyk0Pe/,@reels,2026-06-19,❤️❤️❤️❤️🙌 ดูแล้วเล่นดีมากเรื่องที่วิจารณ์ไม่ได้มึผลต่อความมันส์ของหนังเลยเล่นดีทุกคนสนุก รอชม EP 2 🔥❤️,pat_masa,2026-09-01,hashtag:#โรคเอ็มพ็อกซ์
DZwNRZyk0Pe,https://www.instagram.com/p/DZwNRZyk0Pe/,@reels,2026-07-02,จริงนะ สำหรับนักแสดง สื่อสารทางแววตา น้ำเสียง จริตการพูด การหายใจได้ครบ ส่วนตัวเป็นคนจับผิดเก่งมากนะ เพราะเรียนด้านนี้ แต่นี่ไม่ได้ขัดตาเลย ดูเพลินมาก จนมีคนมาตินี่แหละ ยังงงว่า สรรหาจะติ มาก ลูกเอหน่อแตดดดดด ใครเขาจะสวยเท่ามารดาาาามุงงงงคะ,kanthaphat23,2026-09-01,hashtag:#โรคเอ็มพ็อกซ์
DZwNRZyk0Pe,https://www.instagram.com/p/DZwNRZyk0Pe/,@reels,2026-06-19,ผู้รู้ ผู้ตื่น ผู้เบิกบาน ทุกเรื่อง,weerasakchangsan,2026-09-01,hashtag:#โรคเอ็มพ็อกซ์
DZwNRZyk0Pe,https://www.instagram.com/p/DZwNRZyk0Pe/,@reels,2026-06-19,ถูกต้องคะ ดูฝีมือการแสดงดีกว่าคะ,kobkul98,2026-09-01,hashtag:#โรคเอ็มพ็อกซ์
DZwNRZyk0Pe,https://www.instagram.com/p/DZwNRZyk0Pe/,@reels,2026-06-19,ชั้นชอบ จะเอาคำนี้ไปใช้ คนนะไม่ใช่หมาปั๊ก ทำมั้ยต้องปล่อยให้ตัวเองหน้าย่น,a_am_5555,2026-09-01,hashtag:#โรคเอ็มพ็อกซ์
DZwNRZyk0Pe,https://www.instagram.com/p/DZwNRZyk0Pe/,@reels,2026-06-19,แล้วโคตรงงไม่ได้ติเรื่องการแสดง แต่ติเรื่องโบท็อก อันนี้ปกติป่ะ ไปติอีกรายการนึง ก็ไปติว่าอยากได้สาระ รายการมันก็ชื่อบอกอยู่แล้ว งงอะไรวะ คนเรามันล้มได้ แต่นี่ล้มได้สองครั้งติดมันแปลกนะ ติไปเรื่อย คนไทยไปเรื่อยอ่ะ,view_ksn,2026-09-01,hashtag:#โรคเอ็มพ็อกซ์
DZwNRZyk0Pe,https://www.instagram.com/p/DZwNRZyk0Pe/,@reels,2026-06-19,ฉีดที่หน้าตุณหญิงแต่ไปหนักที่หัวเขา😂,rat_wasanadilok,2026-09-01,hashtag:#โรคเอ็มพ็อกซ์
DYZaf0bjpHB,https://www.instagram.com/p/DYZaf0bjpHB/,@reels,2026-05-23,😮,chady_newt,2026-09-01,hashtag:#โรคเอ็มพ็อกซ์
DVnMJpPkpUb,https://www.instagram.com/p/DVnMJpPkpUb/,@reels,2026-03-08,ขอแสดงความเสียใจนะคะ,kansainak,2026-09-01,hashtag:#โรคเอ็มพ็อกซ์
DVnMJpPkpUb,https://www.instagram.com/p/DVnMJpPkpUb/,@reels,2026-03-08,ขอแสดงความเสียใจด้วยน่ะค่ะ,reeya_wellma,2026-09-01,hashtag:#โรคเอ็มพ็อกซ์
DVnMJpPkpUb,https://www.instagram.com/p/DVnMJpPkpUb/,@reels,2026-03-08,ขอแสดงความเสียใจด้วยคะ,khun_bell89,2026-09-01,hashtag:#โรคเอ็มพ็อกซ์
DVnMJpPkpUb,https://www.instagram.com/p/DVnMJpPkpUb/,@reels,2026-03-08,ขอแสดงความเสียใจด้วยค่ะ,saengtawansun,2026-09-01,hashtag:#โรคเอ็มพ็อกซ์
DVnMJpPkpUb,https://www.instagram.com/p/DVnMJpPkpUb/,@reels,2026-03-08,ขอเเสด​ง​ความเสียใจ​อย่าง​สุดซึ้ง​ด้วย​นะ​คะ​🙏🙏🙏,lovelyhappyy,2026-09-01,hashtag:#โรคเอ็มพ็อกซ์
DVnMJpPkpUb,https://www.instagram.com/p/DVnMJpPkpUb/,@reels,2026-03-08,ขอแสดงความเสียใจด้วยค่ะ,znn.thenextprince,2026-09-01,hashtag:#โรคเอ็มพ็อกซ์
DVnMJpPkpUb,https://www.instagram.com/p/DVnMJpPkpUb/,@reels,2026-03-08,ขอแสดงความเสียใจด้วยนะค่ะ,jinnysiriluk,2026-09-01,hashtag:#โรคเอ็มพ็อกซ์
DVnMJpPkpUb,https://www.instagram.com/p/DVnMJpPkpUb/,@reels,2026-03-08,😢😢😢ขอแสดงความเสียใจด้วยค่ะ,chadaratburana,2026-09-01,hashtag:#โรคเอ็มพ็อกซ์
DVnMJpPkpUb,https://www.instagram.com/p/DVnMJpPkpUb/,@reels,2026-03-08,ขอแสดงความเสียใจด้วยค่ะ,jhong60,2026-09-01,hashtag:#โรคเอ็มพ็อกซ์
DVnMJpPkpUb,https://www.instagram.com/p/DVnMJpPkpUb/,@reels,2026-03-08,ขอแสดงความเสียใจด้วยค่ะ,phuspha_kan,2026-09-01,hashtag:#โรคเอ็มพ็อกซ์
DVnMJpPkpUb,https://www.instagram.com/p/DVnMJpPkpUb/,@reels,2026-03-08,Rip ค่ะ,sinadh13,2026-09-01,hashtag:#โรคเอ็มพ็อกซ์
DVnMJpPkpUb,https://www.instagram.com/p/DVnMJpPkpUb/,@reels,2026-03-08,ขอแสดงความเสียใจด้วยค่ะ,kanya.vijit,2026-09-01,hashtag:#โรคเอ็มพ็อกซ์
DVnMJpPkpUb,https://www.instagram.com/p/DVnMJpPkpUb/,@reels,2026-03-08,ขอแสดงความเสียใจดัวยค่ะ,ornpanmali,2026-09-01,hashtag:#โรคเอ็มพ็อกซ์
DVnMJpPkpUb,https://www.instagram.com/p/DVnMJpPkpUb/,@reels,2026-03-08,ขอแสดงความเสียใจด้วยค่ะ,suphankanokwan,2026-09-01,hashtag:#โรคเอ็มพ็อกซ์
DVnMJpPkpUb,https://www.instagram.com/p/DVnMJpPkpUb/,@reels,2026-03-08,ขอแสดงความเสียใจด้วยน่ะค่ะ,wasana1632,2026-09-01,hashtag:#โรคเอ็มพ็อกซ์
DcnIpWPEYBW,https://www.instagram.com/p/DcnIpWPEYBW/,@reels,2026-08-30,❤️👏,kurniawanhugeng,2026-09-01,hashtag:#avianinfluenza
DVjs12Gk7tx,https://www.instagram.com/p/DVjs12Gk7tx/,@reels,2026-03-07,Beautiful photo 😢,elainegerson4,2026-09-01,hashtag:#avianinfluenza
DVjs12Gk7tx,https://www.instagram.com/p/DVjs12Gk7tx/,@reels,2026-03-06,I was just thinking about Annie this morning and wondering if any falcons moved in :(. So heartbreaking.,hangryrobin,2026-09-01,hashtag:#avianinfluenza
DVjs12Gk7tx,https://www.instagram.com/p/DVjs12Gk7tx/,@reels,2026-03-06,Thank you for the update.,nofollowerspl0x,2026-09-01,hashtag:#avianinfluenza
DVjs12Gk7tx,https://www.instagram.com/p/DVjs12Gk7tx/,@reels,2026-03-08,Thank you for the additional info from the state and the article in Berkeleyside re Annie’s offspring. Just heartbreaking… 💔,mysammies,2026-09-01,hashtag:#avianinfluenza
DVjs12Gk7tx,https://www.instagram.com/p/DVjs12Gk7tx/,@reels,2026-03-06,"That makes sense but is just heartbreaking, I miss Annie so much. Holding out hope for a population rebound and a new campus resident to go with it 🤞",tender_gills,2026-09-01,hashtag:#avianinfluenza
DVjs12Gk7tx,https://www.instagram.com/p/DVjs12Gk7tx/,@reels,2026-03-06,Can you link the URL in your bio?,maxieblueyes,2026-09-01,hashtag:#avianinfluenza
DVjs12Gk7tx,https://www.instagram.com/p/DVjs12Gk7tx/,@reels,2026-03-07,😢,pd.8350,2026-09-01,hashtag:#avianinfluenza
DXSIKNNiJrJ,https://www.instagram.com/p/DXSIKNNiJrJ/,@reels,2026-04-23,Oh wow they looks so excited ❤️,and_peggy_poo,2026-09-01,hashtag:#avianinfluenza
DXSIKNNiJrJ,https://www.instagram.com/p/DXSIKNNiJrJ/,@reels,2026-04-19,Awww they look so happy to be outside in the fresh air and sunshine. ☀️💚,jigsawculture,2026-09-01,hashtag:#avianinfluenza
DXSIKNNiJrJ,https://www.instagram.com/p/DXSIKNNiJrJ/,@reels,2026-04-18,Did you still allow them to swim on water when in quarantine? @hopefieldanimalsanctuary,holly__champion,2026-09-01,hashtag:#avianinfluenza
DaeIZ4MH9jM,https://www.instagram.com/p/DaeIZ4MH9jM/,@reels,2026-07-19,And plant them everywhere over WA..the wildlife is struggling everywhere here😥🌳🌳🌳🌳,naretha_love_too,2026-09-01,hashtag:#birdflu
DaDg6uHk8fu,https://www.instagram.com/p/DaDg6uHk8fu/,@reels,2026-06-27,🙌,prasunsashwat,2026-09-01,hashtag:#birdflu
DaDg6uHk8fu,https://www.instagram.com/p/DaDg6uHk8fu/,@reels,2026-06-26,Wow 😍,_suzushrestha,2026-09-01,hashtag:#birdflu
DaDg6uHk8fu,https://www.instagram.com/p/DaDg6uHk8fu/,@reels,2026-06-26,🫶❤️‍🩹🙌,itanphuyal,2026-09-01,hashtag:#birdflu
DaDg6uHk8fu,https://www.instagram.com/p/DaDg6uHk8fu/,@reels,2026-06-28,Wow vegetarian to all people's,neupanepavitra217,2026-09-01,hashtag:#birdflu
DWNCnJ4CKSn,https://www.instagram.com/p/DWNCnJ4CKSn/,@reels,2026-05-21,❤️❤️❤️❤️❤️,mundynandocade,2026-09-01,hashtag:#birdflu
DWNCnJ4CKSn,https://www.instagram.com/p/DWNCnJ4CKSn/,@reels,2026-03-22,Tryna dissect ✌️,ampahnoble_,2026-09-01,hashtag:#birdflu
DWKZ0YGjL6k,https://www.instagram.com/p/DWKZ0YGjL6k/,@reels,2026-06-30,Him one day as well😍,mxnyxoxo,2026-09-01,hashtag:#birdflu
DWKZ0YGjL6k,https://www.instagram.com/p/DWKZ0YGjL6k/,@reels,2026-05-09,bruh i can't wait,masaego_masaego,2026-09-01,hashtag:#birdflu
DWKZ0YGjL6k,https://www.instagram.com/p/DWKZ0YGjL6k/,@reels,2026-03-22,I guess I’ll go heal 🤦🏾‍♀️.,gyptian_beautii,2026-09-01,hashtag:#birdflu
DWKZ0YGjL6k,https://www.instagram.com/p/DWKZ0YGjL6k/,@reels,2026-03-21,I hope it wont be the last one 🥲,douniahere,2026-09-01,hashtag:#birdflu
DWKZ0YGjL6k,https://www.instagram.com/p/DWKZ0YGjL6k/,@reels,2026-03-21,Why did all of them retire first we have brent then 6black who's the next one??😂💔,abbas_ahmad58,2026-09-01,hashtag:#birdflu
DcfPNGGCtQ9,https://www.instagram.com/p/DcfPNGGCtQ9/,@reels,2026-08-26,Is the the same plan BirdLife Australia has been advocating for?,kategorringesmith,2026-09-01,hashtag:#birdflu
DcfPNGGCtQ9,https://www.instagram.com/p/DcfPNGGCtQ9/,@reels,2026-08-26,"Have ANY of you talked to wildlife groups on the ground who have been given zero support for PPE & biosecurity? Without that, we simply cannot keep taking birds into care *at all*",colloquielle,2026-09-01,hashtag:#birdflu
DcfPNGGCtQ9,https://www.instagram.com/p/DcfPNGGCtQ9/,@reels,2026-08-26,"Talk about how bird flu started !!!
Animal cruelty",santini.13,2026-09-01,hashtag:#birdflu
DcfPNGGCtQ9,https://www.instagram.com/p/DcfPNGGCtQ9/,@reels,2026-08-26,"If you notice any unusual illness or death in wild birds and other wildlife, remember to AVOID, RECORD, REPORT:
- AVOID contact, including leashing pets where infected animals may be present
- RECORD what you see, the location and take photos from a distance
- REPORT via the Emergency Animal Disease Hotline on 1800 675 888

For more information, see the official government site: https://birdflu.gov.au",biodiversitycouncil,2026-09-01,hashtag:#birdflu
DcfPNGGCtQ9,https://www.instagram.com/p/DcfPNGGCtQ9/,@reels,2026-08-26,Amazing post 🔥 please send this to us,trravel_nation,2026-09-01,hashtag:#birdflu
DbFXQ0OEzfz,https://www.instagram.com/p/DbFXQ0OEzfz/,@reels,2026-07-22,"@gaurabpandey798 hami gym jana thalesi anda, kera sab ko price badhu parne 😭",sunmaya.dangi,2026-09-01,hashtag:#birdflu
DbFXQ0OEzfz,https://www.instagram.com/p/DbFXQ0OEzfz/,@reels,2026-07-23,What do you mean 500 for large egg. I dough at 550 medium size. That's not fair 😞,aashish.baramu09,2026-09-01,hashtag:#birdflu
DbFXQ0OEzfz,https://www.instagram.com/p/DbFXQ0OEzfz/,@reels,2026-08-03,Sawan ma k KO egg 😢😂,just_khusi,2026-09-01,hashtag:#birdflu
DbFXQ0OEzfz,https://www.instagram.com/p/DbFXQ0OEzfz/,@reels,2026-07-22,Aba Maxa ko anda khane,kishan_sharma1909,2026-09-01,hashtag:#birdflu
DYj0gVwiuKe,https://www.instagram.com/p/DYj0gVwiuKe/,@reels,2026-05-20,❤️🙌,gideon_815muc,2026-09-01,hashtag:#birdflu
DYj0gVwiuKe,https://www.instagram.com/p/DYj0gVwiuKe/,@reels,2026-05-20,Amen 🙏 ❤️,avjmx_pro_1115,2026-09-01,hashtag:#birdflu
DYj0gVwiuKe,https://www.instagram.com/p/DYj0gVwiuKe/,@reels,2026-05-20,Amen❤️🙌❤️,_.nabizxh._,2026-09-01,hashtag:#birdflu
DYj0gVwiuKe,https://www.instagram.com/p/DYj0gVwiuKe/,@reels,2026-05-20,Amen,ay0.mimi9626,2026-09-01,hashtag:#birdflu
DYj0gVwiuKe,https://www.instagram.com/p/DYj0gVwiuKe/,@reels,2026-05-29,Amen,jangseongdong4,2026-09-01,hashtag:#birdflu
DYj0gVwiuKe,https://www.instagram.com/p/DYj0gVwiuKe/,@reels,2026-05-20,Amen 🙏,jammer_jr06,2026-09-01,hashtag:#birdflu
DYj0gVwiuKe,https://www.instagram.com/p/DYj0gVwiuKe/,@reels,2026-05-26,Amen,isaiahjetswpg_6,2026-09-01,hashtag:#birdflu
DYj0gVwiuKe,https://www.instagram.com/p/DYj0gVwiuKe/,@reels,2026-05-20,Amen,yshuagilkes,2026-09-01,hashtag:#birdflu
DYj0gVwiuKe,https://www.instagram.com/p/DYj0gVwiuKe/,@reels,2026-05-25,Amen 🙏❤️,thy48777,2026-09-01,hashtag:#birdflu
DYj0gVwiuKe,https://www.instagram.com/p/DYj0gVwiuKe/,@reels,2026-06-03,PRAYING,rylee.latimer_45,2026-09-01,hashtag:#birdflu
DYj0gVwiuKe,https://www.instagram.com/p/DYj0gVwiuKe/,@reels,2026-05-21,Amen,jackdenn4,2026-09-01,hashtag:#birdflu
DYj0gVwiuKe,https://www.instagram.com/p/DYj0gVwiuKe/,@reels,2026-06-03,STARTING,rylee.latimer_45,2026-09-01,hashtag:#birdflu
DYj0gVwiuKe,https://www.instagram.com/p/DYj0gVwiuKe/,@reels,2026-05-21,Αμήν,nicholasparaskeva,2026-09-01,hashtag:#birdflu
DccdFfuk5MI,https://www.instagram.com/p/DccdFfuk5MI/,@reels,2026-08-25,Don’t forget to change your shoes before walking into your coop. You don’t want to walk in wild bird poop to your coop.,ourlittle_acrefarm,2026-09-01,hashtag:#birdflu
Db3cw4BEQyz,https://www.instagram.com/p/Db3cw4BEQyz/,@reels,2026-08-10,"I like the focus on increased biosecurity because it doesn't seem like too much of a stretch to get to ""eliminate all habitat near poultry producers that could attract waterfowl"" which isn't ideal.",randolphvsmith,2026-09-01,hashtag:#birdflu
DcCc3zYE8I1,https://www.instagram.com/p/DcCc3zYE8I1/,@reels,2026-08-14,Yes I’d like to know exactly what ‘we’re well prepared to meet this’ actually means for wildlife (not industry). What steps have been taken to enhance our wildlife’s resilience?,mckay7331,2026-09-01,hashtag:#birdflu
DVGiMaDEpRh,https://www.instagram.com/p/DVGiMaDEpRh/,@reels,2026-02-24,❤️🙌,nappamilano,2026-09-01,hashtag:#fluburung
DVGiMaDEpRh,https://www.instagram.com/p/DVGiMaDEpRh/,@reels,2026-02-23,#sukses,hiroshiyoka,2026-09-01,hashtag:#fluburung
DVGiMaDEpRh,https://www.instagram.com/p/DVGiMaDEpRh/,@reels,2026-02-23,Sukses,tirsaputra,2026-09-01,hashtag:#fluburung
DVGiMaDEpRh,https://www.instagram.com/p/DVGiMaDEpRh/,@reels,2026-02-23,Influensyahhh👏,igineyz,2026-09-01,hashtag:#fluburung
DVGiMaDEpRh,https://www.instagram.com/p/DVGiMaDEpRh/,@reels,2026-02-23,mang Nappa dah?,gary.hostage,2026-09-01,hashtag:#fluburung
DVGiMaDEpRh,https://www.instagram.com/p/DVGiMaDEpRh/,@reels,2026-02-23,#fashionista,awkward.rafli,2026-09-01,hashtag:#fluburung
DVGiMaDEpRh,https://www.instagram.com/p/DVGiMaDEpRh/,@reels,2026-02-23,Catwalknya manaa ?,afrmics,2026-09-01,hashtag:#fluburung
DVGiMaDEpRh,https://www.instagram.com/p/DVGiMaDEpRh/,@reels,2026-02-23,Nappamilano dukung ac milan atau inter milan?,schizophreniel,2026-09-01,hashtag:#fluburung
DVGiMaDEpRh,https://www.instagram.com/p/DVGiMaDEpRh/,@reels,2026-02-27,buat lebaran cil,rndh012,2026-09-01,hashtag:#fluburung
DVGiMaDEpRh,https://www.instagram.com/p/DVGiMaDEpRh/,@reels,2026-02-23,My fav shoes,karinabillla,2026-09-01,hashtag:#fluburung
DVGiMaDEpRh,https://www.instagram.com/p/DVGiMaDEpRh/,@reels,2026-02-23,pokoknya yang mpuk teh bolu🙏🏻,whyumhmmd_,2026-09-01,hashtag:#fluburung
DVGiMaDEpRh,https://www.instagram.com/p/DVGiMaDEpRh/,@reels,2026-02-23,ilang buat jumatan mah,aloofkey,2026-09-01,hashtag:#fluburung
DVGiMaDEpRh,https://www.instagram.com/p/DVGiMaDEpRh/,@reels,2026-02-23,info jumatan dimana,wdshirohige,2026-09-01,hashtag:#fluburung
DVGiMaDEpRh,https://www.instagram.com/p/DVGiMaDEpRh/,@reels,2026-02-23,Bolunya sangkuriang bukan,kistinqq,2026-09-01,hashtag:#fluburung
DVGiMaDEpRh,https://www.instagram.com/p/DVGiMaDEpRh/,@reels,2026-02-23,Buat Jumatan ilang cil,neita_rfte,2026-09-01,hashtag:#fluburung
DRUULDak45R,https://www.instagram.com/p/DRUULDak45R/,@reels,2025-11-21,ยังไม่ทันคริสม้าดด ไอนี่มาดละ,parayamx,2026-09-01,hashtag:#ไข้หวัดนก
DRUULDak45R,https://www.instagram.com/p/DRUULDak45R/,@reels,2025-11-21,วิดวะไปนู้นไป,_janjuryy_,2026-09-01,hashtag:#ไข้หวัดนก
DRUULDak45R,https://www.instagram.com/p/DRUULDak45R/,@reels,2025-11-21,❤️❤️,boxml4__,2026-09-01,hashtag:#ไข้หวัดนก
DRUULDak45R,https://www.instagram.com/p/DRUULDak45R/,@reels,2025-11-21,🔥🔥🔥,steph4ns_,2026-09-01,hashtag:#ไข้หวัดนก
DRUULDak45R,https://www.instagram.com/p/DRUULDak45R/,@reels,2025-11-21,ทำไมต้องยักยอกเงินบริษัทครับ,watcharowut_14,2026-09-01,hashtag:#ไข้หวัดนก
DRUULDak45R,https://www.instagram.com/p/DRUULDak45R/,@reels,2025-11-21,# ใจถึงพึ่งได้ # เต็ม10หักหมด😌,ppiephaii,2026-09-01,hashtag:#ไข้หวัดนก
DRUULDak45R,https://www.instagram.com/p/DRUULDak45R/,@reels,2025-11-21,ละทำไมหนวดหายใส่หื้อครบแอ,ppiephaii,2026-09-01,hashtag:#ไข้หวัดนก
DTmYIoRDNUK,https://www.instagram.com/p/DTmYIoRDNUK/,@reels,2026-01-17,Love this design! 🔥 I wish I would've gotten one back in the day!,thevinylcarcass,2026-09-01,hashtag:#cholera
DTmYIoRDNUK,https://www.instagram.com/p/DTmYIoRDNUK/,@reels,2026-01-17,😮,deathcoredane,2026-09-01,hashtag:#cholera
DTmYIoRDNUK,https://www.instagram.com/p/DTmYIoRDNUK/,@reels,2026-01-17,I still have the hoodie with this 🤘,merleezyy,2026-09-01,hashtag:#cholera
DTmYIoRDNUK,https://www.instagram.com/p/DTmYIoRDNUK/,@reels,2026-01-17,I wish I was much more sentient during this era,8000tyranids,2026-09-01,hashtag:#cholera
DTmYIoRDNUK,https://www.instagram.com/p/DTmYIoRDNUK/,@reels,2026-01-17,I love your guys music I’d kill for some OG merch one day,neverbeenthisfuckedup,2026-09-01,hashtag:#cholera
DTmYIoRDNUK,https://www.instagram.com/p/DTmYIoRDNUK/,@reels,2026-01-17,Snd this post @ohio_unit 💌,ak_kavu009,2026-09-01,hashtag:#cholera
DTmYIoRDNUK,https://www.instagram.com/p/DTmYIoRDNUK/,@reels,2026-01-29,You boys making a come back?,king_of_shamong_king_tyler_lee,2026-09-01,hashtag:#cholera
DTmYIoRDNUK,https://www.instagram.com/p/DTmYIoRDNUK/,@reels,2026-01-17,Go on tour I pay you a million dollar,rammerslammer1,2026-09-01,hashtag:#cholera
DWl7J7oGTiE,https://www.instagram.com/p/DWl7J7oGTiE/,@reels,2026-04-01,Esta abierto hoy???,elenascarpitta,2026-09-01,hashtag:#cholera
DWl7J7oGTiE,https://www.instagram.com/p/DWl7J7oGTiE/,@reels,2026-04-01,Precios ??,angelica.aranasamaniego,2026-09-01,hashtag:#cholera
Da6hnJokUVQ,https://www.instagram.com/p/Da6hnJokUVQ/,@reels,2026-07-18,Oooh.. thats a good one,brianbuchanan33,2026-09-01,hashtag:#cholera
DUjCHJtDKci,https://www.instagram.com/p/DUjCHJtDKci/,@reels,2026-02-15,🟩📷✨💎😍🔥🙌,rra.evoluzione,2026-09-01,hashtag:#cholera
DUjCHJtDKci,https://www.instagram.com/p/DUjCHJtDKci/,@reels,2026-02-11,Cambiato casa ? 😆,maximiliancappa,2026-09-01,hashtag:#cholera
DWpmX02gUdj,https://www.instagram.com/p/DWpmX02gUdj/,@reels,2026-04-03,🙏🙏,supriyaroy230,2026-09-01,hashtag:#cholera
DWpmX02gUdj,https://www.instagram.com/p/DWpmX02gUdj/,@reels,2026-04-03,Kaafi interesting! 🙌 Why is She so secretively worshipped unlike Shitala? In the heart of Patna there's a very old shitala temple & every time someone suffers from pox/measles she is invoked & offered a Pujai. It is very common to worship shitala across magadh but never heard of mahamari devi,window_.seat,2026-09-01,hashtag:#cholera
Db7bRJ-jPgH,https://www.instagram.com/p/Db7bRJ-jPgH/,@reels,2026-08-13,❤️❤️❤️❤️,56.074279,2026-09-01,hashtag:#cholera
DWLvIOjlCtP,https://www.instagram.com/p/DWLvIOjlCtP/,@reels,2026-03-22,❤️🔥👏,shri_jagannath_56_bhoga,2026-09-01,hashtag:#cholera
DWLvIOjlCtP,https://www.instagram.com/p/DWLvIOjlCtP/,@reels,2026-03-23,👏👏👏,mohapatra4889,2026-09-01,hashtag:#cholera
DWLvIOjlCtP,https://www.instagram.com/p/DWLvIOjlCtP/,@reels,2026-03-23,🙏🙏🙏,khushipappu.mic21,2026-09-01,hashtag:#cholera
DWLvIOjlCtP,https://www.instagram.com/p/DWLvIOjlCtP/,@reels,2026-03-22,Jay jagannath 🙏🌺,prabinamehe,2026-09-01,hashtag:#cholera
DWLvIOjlCtP,https://www.instagram.com/p/DWLvIOjlCtP/,@reels,2026-03-25,👏,kshireswar.sahu.5,2026-09-01,hashtag:#cholera
DWLvIOjlCtP,https://www.instagram.com/p/DWLvIOjlCtP/,@reels,2026-03-23,ଓଁ ନମଃ ନୃସିଂହ ନାଥାୟଃ ନମଃ🙌,_.pradhan._.15,2026-09-01,hashtag:#cholera
DT4xm6rAVNM,https://www.instagram.com/p/DT4xm6rAVNM/,@reels,2026-02-08,I still.have this shirt !,bzirftc86,2026-09-01,hashtag:#cholera
DT4xm6rAVNM,https://www.instagram.com/p/DT4xm6rAVNM/,@reels,2026-01-24,😲,deathcoredane,2026-09-01,hashtag:#cholera
DT4xm6rAVNM,https://www.instagram.com/p/DT4xm6rAVNM/,@reels,2026-01-24,TEXAS?!!?,fiction7x,2026-09-01,hashtag:#cholera
DT4xm6rAVNM,https://www.instagram.com/p/DT4xm6rAVNM/,@reels,2026-01-24,Snd this post @ohio_unit 💌,nick5.km21,2026-09-01,hashtag:#cholera
DT4xm6rAVNM,https://www.instagram.com/p/DT4xm6rAVNM/,@reels,2026-01-24,Snd this post @ohio_unit 💌,mayra_queen321,2026-09-01,hashtag:#cholera
DT4xm6rAVNM,https://www.instagram.com/p/DT4xm6rAVNM/,@reels,2026-01-31,S I I I C K,repression_sweats,2026-09-01,hashtag:#cholera
DT4xm6rAVNM,https://www.instagram.com/p/DT4xm6rAVNM/,@reels,2026-01-24,Revive yo selves then c'mon bois,xja_onx,2026-09-01,hashtag:#cholera
DaLSpQkMlTw,https://www.instagram.com/p/DaLSpQkMlTw/,@reels,2026-06-30,❤️🌷,h.h.s_gardi,2026-09-01,hashtag:#cholera
DR9iJSFCO1x,https://www.instagram.com/p/DR9iJSFCO1x/,@reels,2025-12-07,OH MY GOD UFINISHED ITTTTT,yenyxis_,2026-09-01,hashtag:#kolera
DR9iJSFCO1x,https://www.instagram.com/p/DR9iJSFCO1x/,@reels,2026-02-20,Prettyyyyyyyy🔥,kazuandillugawifenonsharing,2026-09-01,hashtag:#kolera
DR9iJSFCO1x,https://www.instagram.com/p/DR9iJSFCO1x/,@reels,2025-12-08,SHES SO HOT😍😍,s4ku._.raa,2026-09-01,hashtag:#kolera
DR9iJSFCO1x,https://www.instagram.com/p/DR9iJSFCO1x/,@reels,2025-12-07,HOLY,yenyxis_,2026-09-01,hashtag:#kolera
DR9iJSFCO1x,https://www.instagram.com/p/DR9iJSFCO1x/,@reels,2025-12-08,HEHEHEH SO NICEEEEE,_tteokbokkis,2026-09-01,hashtag:#kolera
DR9iJSFCO1x,https://www.instagram.com/p/DR9iJSFCO1x/,@reels,2025-12-07,GRRHRHRG BARK BARK BARK BARK BARK,akitoyacallboy,2026-09-01,hashtag:#kolera
DR9iJSFCO1x,https://www.instagram.com/p/DR9iJSFCO1x/,@reels,2025-12-08,FLINS MOVEEEEEE,loverkunii,2026-09-01,hashtag:#kolera
DR9iJSFCO1x,https://www.instagram.com/p/DR9iJSFCO1x/,@reels,2025-12-07,CAN SHE TAKE MY SOUL PLSPLSPSLPSLSOSKSOLEASE PELASE PLEASE,akitoyacallboy,2026-09-01,hashtag:#kolera
DR9iJSFCO1x,https://www.instagram.com/p/DR9iJSFCO1x/,@reels,2025-12-08,can i be the nod krai light she's keeping🥰🥰,loverkunii,2026-09-01,hashtag:#kolera
DR9iJSFCO1x,https://www.instagram.com/p/DR9iJSFCO1x/,@reels,2025-12-07,CAN SOMEONE TELL FLINS TO MOVE I WANT HER,hasulsp,2026-09-01,hashtag:#kolera
DR9iJSFCO1x,https://www.instagram.com/p/DR9iJSFCO1x/,@reels,2025-12-07,"How divine she is, consuming as necessity but worshipped by a different reason ❤️",mymic_nym,2026-09-01,hashtag:#kolera
DR9iJSFCO1x,https://www.instagram.com/p/DR9iJSFCO1x/,@reels,2026-04-16,So cuuuute ^^!!💛💛,alexia.kiiro,2026-09-01,hashtag:#kolera
DR9iJSFCO1x,https://www.instagram.com/p/DR9iJSFCO1x/,@reels,2025-12-08,PEAKK,s4ku._.raa,2026-09-01,hashtag:#kolera
DR9iJSFCO1x,https://www.instagram.com/p/DR9iJSFCO1x/,@reels,2025-12-07,PEAKK,scaranism,2026-09-01,hashtag:#kolera
DR9iJSFCO1x,https://www.instagram.com/p/DR9iJSFCO1x/,@reels,2025-12-07,MEOW MEOW MEOW MEOW MEOW MEOW MEOW MEOW MEOW MEOW MEOW MEOW MEOW MEOW MEOW MEOW MEOW MEOW MEOW MEOW MEOW MEOW MEOW MEOW MEOW MEOW MEOW MEOW MEOW MEOW MEOW MEOW MEOW MEOW MEOW MEOW MEOW MEOW MEOW MEOW MEOW MEOW MEOW MEOW MEOW MEOW MEOW MEOW MEOW MEOW MEOW MEOW MEOW MEOW MEOW MEOW MEOW MEOW MEOW MEOW MEOW MEOW MEOW MEOW MEOW MEOW MEOW MEOW MEOW MEOW MEOW MEOW MEOW MEOW MEOW MEOW MEOW MEOW MEOW MEOW MEOW MEOW MEOW MEOW MEOW MEOW MEOW MEOW MEOW MEOW MEOW MEOW MEOW MEOW MEOW MEOW MEOW MEOW MEOW MEOW MEOW MEOW MEOW MEOW MEOW MEOW MEOW MEOW MEOW MEOW MEOW MEOW MEOW MEOW MEOW MEOW MEOW MEOW MEOW MEOW,yenyxis_,2026-09-01,hashtag:#kolera
DU09wAOgmiN,https://www.instagram.com/p/DU09wAOgmiN/,@reels,2026-02-17,favhesabimsin,rivenshii1,2026-09-01,hashtag:#kolera
DUEGFU4DbW2,https://www.instagram.com/p/DUEGFU4DbW2/,@reels,2026-08-20,Yine haklı diva,amip.hanim0,2026-09-01,hashtag:#kolera
