Source Name,Country,Type,Frequency,URL
NetEase,China,web,interval:120,https://163.com/
1news,New Zealand,web,interval:120,https://1news.co.nz/
24h,Vietnam,web,interval:120,https://24h.com.vn/
24hmoney,Vietnam,web,interval:120,https://24hmoney.vn/
24newshd,Pakistan,web,interval:120,https://24newshd.tv/
China.com,China,web,interval:120,https://3g.china.com/
4gtv,Taiwan,web,interval:120,https://4gtv.tv/
52hrtt,China,web,interval:120,https://52hrtt.com/
7news,Australia,web,interval:120,https://7news.com.au/
9news,Australia,web,interval:120,https://9news.com.au/
Aawsat,Saudi Arabia,web,interval:120,https://aawsat.com/
ABC News,United States,web,interval:120,https://abcnews.go.com/
Aboluowang,China,web,interval:120,https://aboluowang.com/
Adaptresearchwriting,New Zealand,web,interval:120,https://adaptresearchwriting.com/
Afamily,Vietnam,web,interval:120,https://afamily.vn/
Agora Web,Japan,web,interval:120,https://agora-web.jp/
Aha,United States,web,interval:120,https://aha.org/
Aktualtangerang,Indonesia,web,interval:120,https://aktualtangerang.com/
Albiladdaily,Saudi Arabia,web,interval:120,https://albiladdaily.com/
Aleqaria,Egypt,web,interval:120,https://aleqaria.com.eg/
Alloranews,Unknown,web,interval:120,https://alloranews.com/
Alobacsi,Vietnam,web,interval:120,https://alobacsi.com/
Alparslandiyari,Turkey,web,interval:120,https://alparslandiyari.com/
Alwatannews,Bahrain,web,interval:120,https://alwatannews.net/
Republika — Ameera,Indonesia,web,interval:120,https://ameera.republika.co.id/
9news,Australia,web,interval:120,https://amp.9news.com.au/
Baodautu,Vietnam,web,interval:120,https://amp.baodautu.vn/
Cand,Vietnam,web,interval:120,https://amp.cand.com.vn/
Deutsche Welle,Germany,web,interval:120,https://amp.dw.com/
Lao Dong,Vietnam,web,interval:120,https://amp.laodong.vn/
Modbee,United States,web,interval:120,https://amp.modbee.com/
Suara,Indonesia,web,interval:120,https://amp.suara.com/
Vtcnews,Vietnam,web,interval:120,https://amp.vtcnews.vn/
Aninews,India,web,interval:120,https://aninews.in/
Anninhthudo,Vietnam,web,interval:120,https://anninhthudo.vn/
Antifakenewscenter,Thailand,web,interval:120,https://antifakenewscenter.com/
Associated Press,United States,web,interval:120,https://apnews.com/
Myzaker,China,web,interval:120,https://app.myzaker.com/
Arabstoday,International,web,interval:120,https://arabstoday.net/
Artthreat,Canada,web,interval:120,https://artthreat.net/
Aruna,Sri Lanka,web,interval:120,https://aruna.lk/
Arynews,Pakistan,web,interval:120,https://arynews.tv/
Asahi,Japan,web,interval:120,https://asahi.co.jp/
Asianews,Regional,web,interval:120,https://asianews.network/
Astro Awani,Malaysia,web,interval:120,https://astroawani.com/
Yahoo News,Australia,web,interval:120,https://au.news.yahoo.com/
Yahoo News,Australia,web,interval:120,https://au.sports.yahoo.com/
Aydinlik,Turkey,web,interval:120,https://aydinlik.com.tr/
Ayokaltim,Indonesia,web,interval:120,https://ayokaltim.com/
Azat,Turkey,web,interval:120,https://azat.tv/
Azernews,Azerbaijan,web,interval:120,https://azernews.az/
Antara News — Babel,Indonesia,web,interval:120,https://babel.antaranews.com/
Babelinsight,Indonesia,web,interval:120,https://babelinsight.id/
Bacaini,Indonesia,web,interval:120,https://bacaini.id/
Bacninhtv,Vietnam,web,interval:120,https://bacninhtv.vn/
Bomboradyo — Baguio,Philippines,web,interval:120,https://baguio.bomboradyo.com/
Baguioheraldexpressonline,Philippines,web,interval:120,https://baguioheraldexpressonline.com/
Antara News — Bali,Indonesia,web,interval:120,https://bali.antaranews.com/
IDN Times — Bali,Indonesia,web,interval:120,https://bali.idntimes.com/
Tribunnews — Bali,Indonesia,web,interval:120,https://bali.tribunnews.com/
Jawa Pos — Baliexpress,Indonesia,web,interval:120,https://baliexpress.jawapos.com/
Baliportalnews,Indonesia,web,interval:120,https://baliportalnews.com/
Balitribune,Indonesia,web,interval:120,https://balitribune.co.id/
Kompas — Bandung,Indonesia,web,interval:120,https://bandung.kompas.com/
Indiatimes — Bangaloremirror,India,web,interval:120,https://bangaloremirror.indiatimes.com/
Bdnews24 — Bangla,Bangladesh,web,interval:120,https://bangla.bdnews24.com/
Thedailystar — Bangla,Bangladesh,web,interval:120,https://bangla.thedailystar.net/
Tribunnews — Banjarmasin,Indonesia,web,interval:120,https://banjarmasin.tribunnews.com/
Akurat — Banten,Indonesia,web,interval:120,https://banten.akurat.co/
Bantenraya,Indonesia,web,interval:120,https://bantenraya.co/
Viva — Banyumas,Indonesia,web,interval:120,https://banyumas.viva.co.id/
Baobacninhtv,Vietnam,web,interval:120,https://baobacninhtv.vn/
Baobinhdinh,Vietnam,web,interval:120,https://baobinhdinh.vn/
Baocantho,Vietnam,web,interval:120,https://baocantho.com.vn/
Bao Chinh Phu,Vietnam,web,interval:60,https://baochinhphu.vn/
Baodaklak,Vietnam,web,interval:120,https://baodaklak.vn/
Baodautu,Vietnam,web,interval:120,https://baodautu.vn/
Baodongnai,Vietnam,web,interval:120,https://baodongnai.com.vn/
Baodongthap,Vietnam,web,interval:120,https://baodongthap.vn/
Baogialai,Vietnam,web,interval:120,https://baogialai.com.vn/
Baohaiduong,Vietnam,web,interval:120,https://baohaiduong.vn/
Baohatinh,Vietnam,web,interval:120,https://baohatinh.vn/
Baohiemxahoi,Vietnam,web,interval:60,https://baohiemxahoi.gov.vn/
Baokhanhhoa,Vietnam,web,interval:120,https://baokhanhhoa.vn/
Baolangson,Vietnam,web,interval:120,https://baolangson.vn/
Baolaocai,Vietnam,web,interval:120,https://baolaocai.vn/
Bao Moi,Vietnam,web,interval:120,https://baomoi.com/
Baophapluat,Vietnam,web,interval:120,https://baophapluat.vn/
Baophutho,Vietnam,web,interval:120,https://baophutho.vn/
Baoquangninh,Vietnam,web,interval:120,https://baoquangninh.vn/
Baoquocte,Vietnam,web,interval:120,https://baoquocte.vn/
Baotayninh,Vietnam,web,interval:120,https://baotayninh.vn/
Baothainguyen,Vietnam,web,interval:120,https://baothainguyen.vn/
Baothanhhoa,Vietnam,web,interval:120,https://baothanhhoa.vn/
Baotintuc,Vietnam,web,interval:120,https://baotintuc.vn/
Baotuyenquang,Vietnam,web,interval:120,https://baotuyenquang.com.vn/
Baovanhoa,Vietnam,web,interval:120,https://baovanhoa.vn/
Baovinhlong,Vietnam,web,interval:120,https://baovinhlong.com.vn/
Baoxaydung,Vietnam,web,interval:120,https://baoxaydung.vn/
Bastillepost,Hong Kong,web,interval:120,https://bastillepost.com/
Jawa Pos — Batampos,Indonesia,web,interval:120,https://batampos.jawapos.com/
Batuahnews,Indonesia,web,interval:120,https://batuahnews.id/
BBC,United Kingdom,web,interval:120,https://bbc.co.uk/
Bdnews24,Bangladesh,web,interval:120,https://bdnews24.com/
Beartai,Thailand,web,interval:120,https://beartai.com/
Beautynesia,Indonesia,web,interval:120,https://beautynesia.id/
Suara — Bekaci,Indonesia,web,interval:120,https://bekaci.suara.com/
Pikiran Rakyat — Bengkulu,Indonesia,web,interval:120,https://bengkulu.pikiran-rakyat.com/
Tribunnews — Bengkulu,Indonesia,web,interval:120,https://bengkulu.tribunnews.com/
Benhvienathainguyen,Vietnam,web,interval:120,https://benhvienathainguyen.com.vn/
Benhvienducgiang,Vietnam,web,interval:120,https://benhvienducgiang.com/
Benhvienthucuc,Vietnam,web,interval:120,https://benhvienthucuc.vn/
Mediacorp — Berita,Singapore,web,interval:120,https://berita.mediacorp.sg/
Rtm — Berita,Malaysia,web,interval:60,https://berita.rtm.gov.my/
Beritabuana,Indonesia,web,interval:120,https://beritabuana.co/
Beritaharian,Singapore,web,interval:120,https://beritaharian.sg/
Beritajatim,Indonesia,web,interval:120,https://beritajatim.com/
Beritamusi,Indonesia,web,interval:120,https://beritamusi.co.id/
Beritanasional,Indonesia,web,interval:120,https://beritanasional.com/
Betanews,Indonesia,web,interval:120,https://betanews.id/
Bidiktangsel,Indonesia,web,interval:120,https://bidiktangsel.com/
Bioengineer,United States,web,interval:120,https://bioengineer.org/
Chosun — Biz,South Korea,web,interval:120,https://biz.chosun.com/
Bloknot Stavropol,Russia,web,interval:120,https://bloknot-stavropol.ru/
Bloknot Volgograd,Russia,web,interval:120,https://bloknot-volgograd.ru/
Bokra,Regional,web,interval:120,https://bokra.net/
Bontangpost,Indonesia,web,interval:120,https://bontangpost.id/
Borneobulletin,Brunei,web,interval:120,https://borneobulletin.com.bn/
Br Cn,China,web,interval:120,https://br-cn.com/
Brandiconimage,Unknown,web,interval:120,https://brandiconimage.com/
Busam,Indonesia,web,interval:120,https://busam.id/
Businessday,Nigeria,web,interval:120,https://businessday.ng/
Businesstimes Bd,Bangladesh,web,interval:120,https://businesstimes-bd.com/
Bvdl,Vietnam,web,interval:120,https://bvdl.org.vn/
NetEase,China,web,interval:120,https://c.m.163.com/
Yahoo News,Canada,web,interval:120,https://ca.news.yahoo.com/
Cafebiz,Vietnam,web,interval:120,https://cafebiz.vn/
Cafef,Vietnam,web,interval:120,https://cafef.vn/
Calgaryherald,Canada,web,interval:120,https://calgaryherald.com/
Calgarysun,Canada,web,interval:120,https://calgarysun.com/
Canadianrecord,Canada,web,interval:120,https://canadianrecord.com/
Canberratimes,Australia,web,interval:120,https://canberratimes.com.au/
Cand,Vietnam,web,interval:120,https://cand.com.vn/
Capeyorkweekly,Australia,web,interval:120,https://capeyorkweekly.com.au/
Bomboradyo — Cauayan,Philippines,web,interval:120,https://cauayan.bomboradyo.com/
Globo — Cbn,Brazil,web,interval:120,https://cbn.globo.com/
Cbnews,Japan,web,interval:120,https://cbnews.jp/
Cbsaustin,United States,web,interval:120,https://cbsaustin.com/
Bomboradyo — Cdo,Philippines,web,interval:120,https://cdo.bomboradyo.com/
Philippine Daily Inquirer — Cebudailynews,Philippines,web,interval:120,https://cebudailynews.inquirer.net/
Ceklissatu,Indonesia,web,interval:120,https://ceklissatu.com/
Celotehriau,Indonesia,web,interval:120,https://celotehriau.com/
Politiko — Centralluzon,Philippines,web,interval:120,https://centralluzon.politiko.com.ph/
Cesphn,Australia,web,interval:120,https://cesphn.org.au/
Ceylontoday,Sri Lanka,web,interval:120,https://ceylontoday.lk/
Channelstv,Nigeria,web,interval:120,https://channelstv.com/
Chatnewstoday,Canada,web,interval:120,https://chatnewstoday.ca/
Chiangmainews,Thailand,web,interval:120,https://chiangmainews.co.th/
Chibanippo,Japan,web,interval:120,https://chibanippo.co.jp/
Chimpreports,Uganda,web,interval:120,https://chimpreports.com/
Chinacdc,China,web,interval:120,https://chinacdc.cn/
Chinapress,Malaysia,web,interval:120,https://chinapress.com.my/
Vnanet — Chinhsachcuocsong,Vietnam,web,interval:120,https://chinhsachcuocsong.vnanet.vn/
Baoquangninh — Chuyendoiso,Vietnam,web,interval:120,https://chuyendoiso.baoquangninh.vn/
Cirebonraya,Indonesia,web,interval:120,https://cirebonraya.com/
Citinewsroom,Ghana,web,interval:120,https://citinewsroom.com/
Cityhub,Australia,web,interval:120,https://cityhub.com.au/
Citynews,Australia,web,interval:120,https://citynews.com.au/
Citynewsqbn,Australia,web,interval:120,https://citynewsqbn.com.au/
Sina,China,web,interval:120,https://cj.sina.cn/
Ckpgtoday,Canada,web,interval:120,https://ckpgtoday.ca/
Click2houston,United States,web,interval:120,https://click2houston.com/
Cmmedia,Taiwan,web,interval:120,https://cmmedia.com.tw/
CNN,United States,web,interval:120,https://cnn.com/
Cobisnis,Indonesia,web,interval:120,https://cobisnis.com/
Coloradocountycitizen,United States,web,interval:120,https://coloradocountycitizen.com/
Congan,Vietnam,web,interval:120,https://congan.com.vn/
Congdankhuyenhoc,Vietnam,web,interval:120,https://congdankhuyenhoc.vn/
Congly,Vietnam,web,interval:120,https://congly.vn/
Ctee,Taiwan,web,interval:120,https://ctee.com.tw/
Ctinews,Taiwan,web,interval:120,https://ctinews.com/
Ctwant,Taiwan,web,interval:120,https://ctwant.com/
Dabangasudan,Sudan,web,interval:120,https://dabangasudan.org/
Daibieunhandan,Vietnam,web,interval:120,https://daibieunhandan.vn/
Daidoanket,Vietnam,web,interval:120,https://daidoanket.vn/
Dailyasianage,Bangladesh,web,interval:120,https://dailyasianage.com/
Dailyguardian,Philippines,web,interval:120,https://dailyguardian.com.ph/
Dailyhive,Canada,web,interval:120,https://dailyhive.com/
Dailyinqilab,Bangladesh,web,interval:120,https://dailyinqilab.com/
Dailymail,United Kingdom,web,interval:120,https://dailymail.com/
Dailynews,Thailand,web,interval:120,https://dailynews.co.th/
Dailypakistan,Pakistan,web,interval:120,https://dailypakistan.com.pk/
Dailypost,Nigeria,web,interval:120,https://dailypost.ng/
Dailytelegraph,Australia,web,interval:120,https://dailytelegraph.com.au/
Dailythepatriot,Pakistan,web,interval:120,https://dailythepatriot.com/
Dailytimesng,Nigeria,web,interval:120,https://dailytimesng.com/
Dailytrust,Nigeria,web,interval:120,https://dailytrust.com/
Wahananews — Dairi,Indonesia,web,interval:120,https://dairi.wahananews.co/
Daklak24h,Vietnam,web,interval:120,https://daklak24h.com.vn/
Dangcongsan,Vietnam,web,interval:120,https://dangcongsan.org.vn/
VietnamNet — Dantocphattrien,Vietnam,web,interval:120,https://dantocphattrien.vietnamnet.vn/
Dan Tri,Vietnam,web,interval:120,https://dantri.com.vn/
Danviet,Vietnam,web,interval:120,https://danviet.vn/
Dap News,Cambodia,web,interval:120,https://dap-news.com/
Dayakdaily,Malaysia,web,interval:120,https://dayakdaily.com/
DDC MOPH Thailand,Thailand,web,interval:60,https://ddc.moph.go.th/
Kompas — Denpasar,Indonesia,web,interval:120,https://denpasar.kompas.com/
Dentonrc,United States,web,interval:120,https://dentonrc.com/
Devdiscourse,India,web,interval:120,https://devdiscourse.com/
Dhakaprokash24,Bangladesh,web,interval:120,https://dhakaprokash24.com/
Dienbientv,Vietnam,web,interval:120,https://dienbientv.vn/
Mediatech — Dienbienv2,Vietnam,web,interval:120,https://dienbienv2.mediatech.vn/
Digicastnegros,Philippines,web,interval:120,https://digicastnegros.com/
Acehprov — Dinkes,Indonesia,web,interval:60,https://dinkes.acehprov.go.id/
Demakkab — Dinkominfo,Indonesia,web,interval:60,https://dinkominfo.demakkab.go.id/
Disway,Indonesia,web,interval:120,https://disway.id/
Divaina,Sri Lanka,web,interval:120,https://divaina.lk/
Dmgburmese,Myanmar,web,interval:120,https://dmgburmese.com/
Doanhnghiepcuocsong,Vietnam,web,interval:120,https://doanhnghiepcuocsong.vn/
Doanhnghiepkinhtexanh,Vietnam,web,interval:120,https://doanhnghiepkinhtexanh.vn/
Congly — Doanhnhan,Vietnam,web,interval:120,https://doanhnhan.congly.vn/
Docnhanh,Vietnam,web,interval:120,https://docnhanh.vn/
Doisongphapluat,Vietnam,web,interval:120,https://doisongphapluat.com.vn/
Donga,South Korea,web,interval:120,https://donga.com/
Dongascience,South Korea,web,interval:120,https://dongascience.com/
Dongnaicdc,Vietnam,web,interval:120,https://dongnaicdc.vn/
Downtoearth,India,web,interval:120,https://downtoearth.org.in/
Drimble,Netherlands,web,interval:120,https://drimble.nl/
Dan Tri — Dtinews,Vietnam,web,interval:120,https://dtinews.dantri.com.vn/
Dtoday,South Korea,web,interval:120,https://dtoday.co.kr/
Deutsche Welle,Germany,web,interval:120,https://dw.com/
VNExpress,Vietnam,web,interval:120,https://e.vnexpress.net/
Eastbaytimes,United States,web,interval:120,https://eastbaytimes.com/
Ebiotrade,China,web,interval:120,https://ebiotrade.com/
Uol — Economia,Brazil,web,interval:120,https://economia.uol.com.br/
Indiatimes — Economictimes,India,web,interval:120,https://economictimes.indiatimes.com/
Edaily,South Korea,web,interval:120,https://edaily.co.kr/
CNN,United States,web,interval:120,https://edition.cnn.com/
Egypt Today,Egypt,web,interval:120,https://egypt-today.com/
Eletsonline — Ehealth,India,web,interval:120,https://ehealth.eletsonline.com/
Espos — Ekonomi,Indonesia,web,interval:120,https://ekonomi.espos.id/
Eksposkaltim,Indonesia,web,interval:120,https://eksposkaltim.com/
Elevenmyanmar,Myanmar,web,interval:120,https://elevenmyanmar.com/
Elhadaf Sd,Sudan,web,interval:120,https://elhadaf-sd.com/
Elpasomatters,United States,web,interval:120,https://elpasomatters.org/
Antara News,Indonesia,web,interval:120,https://en.antaranews.com/
Freshnewsasia,Cambodia,web,interval:120,https://en.freshnewsasia.com/index.php/en/localnews/60685-2025-06-02-08-02-09.html
Sggp,Vietnam,web,interval:120,https://en.sggp.org.vn/
Tempo,Indonesia,web,interval:120,https://en.tempo.co/
Yenisafak,Turkey,web,interval:120,https://en.yenisafak.com/
Enbeauce,Canada,web,interval:120,https://enbeauce.com/
Aaj — English,Pakistan,web,interval:120,https://english.aaj.tv/
Tkww — Epaper,Hong Kong,web,interval:120,https://epaper.tkww.hk/
Espn,Australia,web,interval:120,https://espn.com.au/
Fajarpapua,Indonesia,web,interval:120,https://fajarpapua.com/
Fiercebiotech,United States,web,interval:120,https://fiercebiotech.com/
Fili,Vietnam,web,interval:120,https://fili.vn/
Filmogaz,Turkey,web,interval:120,https://filmogaz.com/
Unair,Indonesia,web,interval:120,https://fk.unair.ac.id/
Pikiran Rakyat — Flores,Indonesia,web,interval:120,https://flores.pikiran-rakyat.com/
Scol — Focus,China,web,interval:120,https://focus.scol.com.cn/
Fountmedia,Taiwan,web,interval:120,https://fountmedia.io/
Foxnews,United States,web,interval:120,https://foxnews.com/
France24,France,web,interval:120,https://france24.com/
Ftnn,Taiwan,web,interval:120,https://ftnn.com.tw/
Garuda,Indonesia,web,interval:120,https://garuda.tv/
Rthk — Gbcode,Hong Kong,web,interval:120,https://gbcode.rthk.hk/
Gcc,Thailand,web,interval:60,https://gcc.go.th/
Gefluegelnews,Germany,web,interval:120,https://gefluegelnews.de/
Geraldtonguardian,Australia,web,interval:120,https://geraldtonguardian.com.au/
Suckhoedoisong — Giadinh,Vietnam,web,interval:120,https://giadinh.suckhoedoisong.vn/
Giaoduc,Vietnam,web,interval:120,https://giaoduc.edu.vn/
Giaoducthoidai,Vietnam,web,interval:120,https://giaoducthoidai.vn/
Hk01,Hong Kong,web,interval:120,https://global.hk01.com/
Globenewswire,United States,web,interval:120,https://globenewswire.com/
Seoul,South Korea,web,interval:120,https://go.seoul.co.kr/
Nguoiduatin — Gocnhinphaply,Vietnam,web,interval:120,https://gocnhinphaply.nguoiduatin.vn/
Gonews,Indonesia,web,interval:120,https://gonews.co.id/
Goodmorningcc,South Korea,web,interval:120,https://goodmorningcc.com/
Goodnewsfromindonesia,Indonesia,web,interval:120,https://goodnewsfromindonesia.id/
Gossiplankanews,Sri Lanka,web,interval:120,https://gossiplankanews.com/
Greekherald,Australia,web,interval:120,https://greekherald.com.au/
Gulfnews,United Arab Emirates,web,interval:120,https://gulfnews.com/
Gyeongsangtoday,South Korea,web,interval:120,https://gyeongsangtoday.com/
Haberglobal,Turkey,web,interval:120,https://haberglobal.com/
Hakkanews,Taiwan,web,interval:120,https://hakkanews.tw/
Halosemarang,Indonesia,web,interval:120,https://halosemarang.id/
Hanoionline,Vietnam,web,interval:120,https://hanoionline.vn/
Hatinh,Vietnam,web,interval:60,https://hatinh.gov.vn/
Hawaiinewsnow,United States,web,interval:120,https://hawaiinewsnow.com/
Hcdc,Vietnam,web,interval:120,https://hcdc.vn/
Headline,Indonesia,web,interval:120,https://headline.co.id/
Detik,Indonesia,web,interval:120,https://health.detik.com/
Kapook,Thailand,web,interval:120,https://health.kapook.com/
Kompas,Indonesia,web,interval:120,https://health.kompas.com/
Ltn,Taiwan,web,interval:120,https://health.ltn.com.tw/
Healthandme,India,web,interval:120,https://healthandme.com/
Healthbeat,United States,web,interval:120,https://healthbeat.org/
Healthnews,Taiwan,web,interval:120,https://healthnews.com.tw/
Helenair,United States,web,interval:120,https://helenair.com/
Hellobacsi,Vietnam,web,interval:120,https://hellobacsi.com/
Heloindonesia,Indonesia,web,interval:120,https://heloindonesia.com/
Herald Dispatch,United States,web,interval:120,https://herald-dispatch.com/
Hfocus,Thailand,web,interval:120,https://hfocus.org/
Awazthevoice — Hindi,India,web,interval:120,https://hindi.awazthevoice.in/
Downtoearth — Hindi,India,web,interval:120,https://hindi.downtoearth.org.in/
Latestly — Hindi,India,web,interval:120,https://hindi.latestly.com/
News18 — Hindi,India,web,interval:120,https://hindi.news18.com/
Theprint — Hindi,India,web,interval:120,https://hindi.theprint.in/
Epochtimes,Hong Kong,web,interval:120,https://hk.epochtimes.com/
On,Hong Kong,web,interval:120,https://hk.on.cc/
Ulifestyle,Hong Kong,web,interval:120,https://hk.ulifestyle.com.hk/
Hk01,Hong Kong,web,interval:120,https://hk01.com/
Hkcd,Hong Kong,web,interval:120,https://hkcd.com.hk/
Hntrbrk,United States,web,interval:120,https://hntrbrk.com/
Topsante — Homeophyto,France,web,interval:120,https://homeophyto.topsante.com/
Hpj,United States,web,interval:120,https://hpj.com/
Huengaynay,Vietnam,web,interval:120,https://huengaynay.vn/
Huxiu,China,web,interval:120,https://huxiu.com/
Hypeabis,Indonesia,web,interval:120,https://hypeabis.id/
Ibc24,India,web,interval:120,https://ibc24.in/
Ibtimes,United Kingdom,web,interval:120,https://ibtimes.co.uk/
Idomavoice,Nigeria,web,interval:120,https://idomavoice.com/
Ihram,Indonesia,web,interval:120,https://ihram.co.id/
Ilgazzettino,Italy,web,interval:120,https://ilgazzettino.it/
Imaeil,South Korea,web,interval:120,https://imaeil.com/
Indailysa,Australia,web,interval:120,https://indailysa.com.au/
India,India,web,interval:120,https://india.com/
Indianews,India,web,interval:120,https://indianews.in/
Indianexpress,India,web,interval:120,https://indianexpress.com/
Indikatorbisnis,Indonesia,web,interval:120,https://indikatorbisnis.com/
Focustaiwan — Indonesia,Taiwan,web,interval:120,https://indonesia.focustaiwan.tw/
Indonesia,Indonesia,web,interval:60,https://indonesia.go.id/
Indonesiaexpat,Indonesia,web,interval:120,https://indonesiaexpat.id/
Indonesiakini,Indonesia,web,interval:120,https://indonesiakini.id/
Indonesiare,Indonesia,web,interval:120,https://indonesiare.co.id/
Detik — Inet,Indonesia,web,interval:120,https://inet.detik.com/
Inews,Indonesia,web,interval:120,https://inews.id/
Infobae,Argentina,web,interval:120,https://infobae.com/
Infogarut,Indonesia,web,interval:120,https://infogarut.id/
Infonasional,Indonesia,web,interval:120,https://infonasional.com/
Infoquest,Thailand,web,interval:120,https://infoquest.co.th/
Inhnews,India,web,interval:120,https://inhnews.in/
Inikata,Indonesia,web,interval:120,https://inikata.co.id/
Inilah,Indonesia,web,interval:120,https://inilah.com/
Iniriau,Indonesia,web,interval:120,https://iniriau.com/
Inkl,International,web,interval:120,https://inkl.com/
Inshorts,India,web,interval:120,https://inshorts.com/
Insidestategovernment,Australia,web,interval:120,https://insidestategovernment.com.au/
Instagram,International,social_media,interval:60,https://instagram.com/
Integritasnews,Indonesia,web,interval:120,https://integritasnews.com/
Interest,New Zealand,web,interval:120,https://interest.co.nz/
Islandsbusiness,Fiji,web,interval:120,https://islandsbusiness.com/
Isranews,Thailand,web,interval:120,https://isranews.org/
Italiasette,Italy,web,interval:120,https://italiasette.it/
Ittefaq,Bangladesh,web,interval:120,https://ittefaq.com.bd/
Jagran,India,web,interval:120,https://jagran.com/
Jamill,South Korea,web,interval:120,https://jamill.kr/
Jantaserishta,India,web,interval:120,https://jantaserishta.com/
Disway — Jateng,Indonesia,web,interval:120,https://jateng.disway.id/
Jatimtimes,Indonesia,web,interval:120,https://jatimtimes.com/
Javedch,Pakistan,web,interval:120,https://javedch.com/
Jawaban,Indonesia,web,interval:120,https://jawaban.com/
Jawa Pos,Indonesia,web,interval:120,https://jawapos.com/
Jiemian,China,web,interval:120,https://jiemian.com/
Tribunnews — Jogja,Indonesia,web,interval:120,https://jogja.tribunnews.com/
Viva — Jogja,Indonesia,web,interval:120,https://jogja.viva.co.id/
Harian Jogja — Jogjapolitan,Indonesia,web,interval:120,https://jogjapolitan.harianjogja.com/
Joglojateng,Indonesia,web,interval:120,https://joglojateng.com/
Joongboo,South Korea,web,interval:120,https://joongboo.com/
Js100,Thailand,web,interval:120,https://js100.com/
Jtvmadiun,Indonesia,web,interval:120,https://jtvmadiun.com/
Justthenews,United States,web,interval:120,https://justthenews.com/
Pikiran Rakyat — Kabarbanten,Indonesia,web,interval:120,https://kabarbanten.pikiran-rakyat.com/
Kabarbanyuwangi,Indonesia,web,interval:120,https://kabarbanyuwangi.co.id/
Pikiran Rakyat — Kabarcirebon,Indonesia,web,interval:120,https://kabarcirebon.pikiran-rakyat.com/
Kabarhariini,Indonesia,web,interval:120,https://kabarhariini.id/
Kabarin,Indonesia,web,interval:120,https://kabarin.com/
Kabarmadura,Indonesia,web,interval:120,https://kabarmadura.id/
Pikiran Rakyat — Kabarmajalengka,Indonesia,web,interval:120,https://kabarmajalengka.pikiran-rakyat.com/
Pikiran Rakyat — Kabarpriangan,Indonesia,web,interval:120,https://kabarpriangan.pikiran-rakyat.com/
Kabulnow,Afghanistan,web,interval:120,https://kabulnow.com/
Antara News — Kalteng,Indonesia,web,interval:120,https://kalteng.antaranews.com/
Antara News — Kaltim,Indonesia,web,interval:120,https://kaltim.antaranews.com/
Antara News — Kaltim,Indonesia,web,interval:120,https://kaltim.antaranews.com/berita/239053/dinkes-kaltim-catat-kasus-dbd-mencapai-2210-kasus
Tribunnews — Kaltim,Indonesia,web,interval:120,https://kaltim.tribunnews.com/
Jawa Pos — Kaltimpost,Indonesia,web,interval:120,https://kaltimpost.jawapos.com/
Kampucheathmey,Cambodia,web,interval:120,https://kampucheathmey.com/
Kanzhongguo,European Union,web,interval:120,https://kanzhongguo.eu/
Kaohoon,Thailand,web,interval:120,https://kaohoon.com/
Karar,Turkey,web,interval:120,https://karar.com/
Pikiran Rakyat — Karawangpost,Indonesia,web,interval:120,https://karawangpost.pikiran-rakyat.com/
Karpatalja,Morocco,web,interval:120,https://karpatalja.ma/
Kathmandupost,Nepal,web,interval:120,https://kathmandupost.com/
Kdfnews,United States,web,interval:120,https://kdfnews.com/
Kdhnews,United States,web,interval:120,https://kdhnews.com/
Kdsn,South Korea,web,interval:120,https://kdsn.co.kr/
Kementerian Kesehatan Indonesia,Indonesia,web,interval:60,https://kemkes.go.id/
Kenh14,Vietnam,web,interval:120,https://kenh14.vn/
Antara News — Kepri,Indonesia,web,interval:120,https://kepri.antaranews.com/
Keralakaumudi,India,web,interval:120,https://keralakaumudi.com/
Kevesko,Vietnam,web,interval:120,https://kevesko.vn/
Kfdm,United States,web,interval:120,https://kfdm.com/
Kffhealthnews,United States,web,interval:120,https://kffhealthnews.org/
Cc Times,Cambodia,web,interval:120,https://kh.cc-times.com/
Khabargaon,India,web,interval:120,https://khabargaon.com/
Khaophuket,Thailand,web,interval:120,https://khaophuket.com/
Khaosod,Thailand,web,interval:120,https://khaosod.co.th/
Khoahocdoisong,Vietnam,web,interval:120,https://khoahocdoisong.vn/
Khoahocphothong,Vietnam,web,interval:120,https://khoahocphothong.vn/
Khonkaenlink,Thailand,web,interval:120,https://khonkaenlink.info/
Khq,United States,web,interval:120,https://khq.com/
Kidotalkradio,United States,web,interval:120,https://kidotalkradio.com/
Kienthuc,Vietnam,web,interval:120,https://kienthuc.net.vn/
Kilasjatim,Indonesia,web,interval:120,https://kilasjatim.com/
Kingtop,Taiwan,web,interval:120,https://kingtop.com.tw/
Congthuong — Kinhte,Vietnam,web,interval:120,https://kinhte.congthuong.vn/
Kinhtedothi,Vietnam,web,interval:120,https://kinhtedothi.vn/
Kku,Thailand,web,interval:120,https://kku.ac.th/
Knews,Taiwan,web,interval:120,https://knews.com.tw/
Komchadluek,Thailand,web,interval:120,https://komchadluek.net/
Kompas,Indonesia,web,interval:120,https://kompas.com/
Kompas,Indonesia,web,interval:120,https://kompas.id/
Kompas,Indonesia,web,interval:120,https://kompas.tv/
Kompasiana,Indonesia,web,interval:120,https://kompasiana.com/
Kookjeilbo,South Korea,web,interval:120,https://kookjeilbo.com/
Koranmanado,Indonesia,web,interval:120,https://koranmanado.co.id/
Koreajn,South Korea,web,interval:120,https://koreajn.co.kr/
Joins — Koreajoongangdaily,South Korea,web,interval:120,https://koreajoongangdaily.joins.com/
Kosmo,Malaysia,web,interval:120,https://kosmo.com.my/
KPL Lao News Agency,Laos,web,interval:60,https://kpl.gov.la/
Krdo,United States,web,interval:120,https://krdo.com/
Ksbtdanang,Vietnam,web,interval:120,https://ksbtdanang.vn/
Ksmnews,South Korea,web,interval:120,https://ksmnews.co.kr/
Kstatecollegian,United States,web,interval:120,https://kstatecollegian.com/
Iheart — Ktok,United States,web,interval:120,https://ktok.iheart.com/
Kumparan,Indonesia,web,interval:120,https://kumparan.com/
Tribunnews — Kupang,Indonesia,web,interval:120,https://kupang.tribunnews.com/
Kwqc,United States,web,interval:120,https://kwqc.com/
Kyeonggi,South Korea,web,interval:120,https://kyeonggi.com/
Franceinfo — La1ere,France,web,interval:120,https://la1ere.franceinfo.fr/
Francetvinfo — La1ere,France,web,interval:120,https://la1ere.francetvinfo.fr/
Ladbible,United Kingdom,web,interval:120,https://ladbible.com/
Lafune,European Union,web,interval:120,https://lafune.eu/
Lampost,Indonesia,web,interval:120,https://lampost.co/
Lao Dong,Vietnam,web,interval:120,https://laodong.vn/
Laodongthudo,Vietnam,web,interval:120,https://laodongthudo.vn/
Latimes,United States,web,interval:120,https://latimes.com/
Leadership,Nigeria,web,interval:120,https://leadership.ng/
Inews — Lebak,Indonesia,web,interval:120,https://lebak.inews.id/
Leho,Taiwan,web,interval:120,https://leho.com.tw/
Lesprosdelapetiteenfance,France,web,interval:120,https://lesprosdelapetiteenfance.fr/
Life,Taiwan,web,interval:120,https://life.tw/
Bisnis — Lifestyle,Indonesia,web,interval:120,https://lifestyle.bisnis.com/
Sindo News — Lifestyle,Indonesia,web,interval:120,https://lifestyle.sindonews.com/
Znews — Lifestyle,Vietnam,web,interval:120,https://lifestyle.znews.vn/
Linfo,Réunion,web,interval:120,https://linfo.re/
Lingkar,Indonesia,web,interval:120,https://lingkar.news/
Lintasgayo,Indonesia,web,interval:120,https://lintasgayo.co/
Liputan6,Indonesia,web,interval:120,https://liputan6.com/
Liputanoke,Indonesia,web,interval:120,https://liputanoke.com/
Liramedia,Indonesia,web,interval:120,https://liramedia.co.id/
Litenews,Hong Kong,web,interval:120,https://litenews.hk/
Livehindustan,India,web,interval:120,https://livehindustan.com/
Livelaw,India,web,interval:120,https://livelaw.in/
Logos Pres,Moldova,web,interval:120,https://logos-pres.md/
Lokmattimes,India,web,interval:120,https://lokmattimes.com/
Jawa Pos — Lombokpost,Indonesia,web,interval:120,https://lombokpost.jawapos.com/
Luatvietnam,Vietnam,web,interval:120,https://luatvietnam.vn/
Lvz,Germany,web,interval:120,https://lvz.de/
21jingji,China,web,interval:120,https://m.21jingji.com/
Antara News,Indonesia,web,interval:120,https://m.antaranews.com/
Economictimes,India,web,interval:120,https://m.economictimes.com/
Haberturk,Turkey,web,interval:120,https://m.haberturk.com/
Halloriau,Indonesia,web,interval:120,https://m.halloriau.com/
Hkej,Hong Kong,web,interval:120,https://m.hkej.com/
Phnom Penh Post,Cambodia,web,interval:120,https://m.phnompenhpost.com/
Sohu,China,web,interval:120,https://m.sohu.com/
Tf,South Korea,web,interval:120,https://m.tf.co.kr/
Thepaper,China,web,interval:120,https://m.thepaper.cn/
Tribunnews,Indonesia,web,interval:120,https://m.tribunnews.com/
Macaudailytimes,Macau,web,interval:120,https://macaudailytimes.com.mo/
Magzter,International,web,interval:120,https://magzter.com/
Majoriti,Malaysia,web,interval:120,https://majoriti.com.my/
Antara News — Makassar,Indonesia,web,interval:120,https://makassar.antaranews.com/
Tribunnews — Makassar,Indonesia,web,interval:120,https://makassar.tribunnews.com/
Maklumat,Indonesia,web,interval:120,https://maklumat.id/
Malangtimes,Indonesia,web,interval:120,https://malangtimes.com/
Malawi24,Malawi,web,interval:120,https://malawi24.com/
Malay Mail,Malaysia,web,interval:120,https://malaymail.com/
Yahoo News — Malaysia,United States,web,interval:120,https://malaysia.news.yahoo.com/
Malaysiagazette,Malaysia,web,interval:120,https://malaysiagazette.com/
Malaysiakini,Malaysia,web,interval:120,https://malaysiakini.com/
Malaysiatribune,Malaysia,web,interval:120,https://malaysiatribune.news/
Tribunnews — Manado,Indonesia,web,interval:120,https://manado.tribunnews.com/
Mangish,Iraq,web,interval:120,https://mangish.net/
Manilastandard,Philippines,web,interval:120,https://manilastandard.net/
Marketeeronline,Thailand,web,interval:120,https://marketeeronline.co/
Marunadanmalayalee,India,web,interval:120,https://marunadanmalayalee.com/
Mashriqtv,Pakistan,web,interval:120,https://mashriqtv.pk/
Matichon,Thailand,web,interval:120,https://matichon.co.th/
Mb,Philippines,web,interval:120,https://mb.com.ph/
Mc Doualiya,France,web,interval:120,https://mc-doualiya.com/
Medcom,Indonesia,web,interval:120,https://medcom.id/
Chinhphu,Vietnam,web,interval:120,https://media.chinhphu.vn/
Riau — Mediacenter,Indonesia,web,interval:60,https://mediacenter.riau.go.id/
Mediaindonesia,Indonesia,web,interval:120,https://mediaindonesia.com/
Mediarakata,Indonesia,web,interval:120,https://mediarakata.com/
Mediaselangor,Malaysia,web,interval:120,https://mediaselangor.com/
Medicaldoc,Japan,web,interval:120,https://medicaldoc.jp/
Medicalrepublic,Australia,web,interval:120,https://medicalrepublic.com.au/
Medicalxpress,International,web,interval:120,https://medicalxpress.com/
Medquest,Indonesia,web,interval:120,https://medquest.co.id/
Antara News — Megapolitan,Indonesia,web,interval:120,https://megapolitan.antaranews.com/
Kompas — Megapolitan,Indonesia,web,interval:120,https://megapolitan.kompas.com/
Menafn,Regional,web,interval:120,https://menafn.com/
Merahputih,Indonesia,web,interval:120,https://merahputih.com/
Mercurynews,United States,web,interval:120,https://mercurynews.com/
Merdeka,Indonesia,web,interval:120,https://merdeka.com/
Batampos — Metro,Indonesia,web,interval:120,https://metro.batampos.co.id/
Batampos — Metropolis,Indonesia,web,interval:120,https://metropolis.batampos.co.id/
Metroriau,Indonesia,web,interval:120,https://metroriau.com/
Meyka,Unknown,web,interval:120,https://meyka.com/
Mgorod,Kazakhstan,web,interval:120,https://mgorod.kz/
Mgronline,Thailand,web,interval:120,https://mgronline.com/
Minanews,Indonesia,web,interval:120,https://minanews.net/
Mindanaotimes,Philippines,web,interval:120,https://mindanaotimes.com.ph/
Mindanews,Philippines,web,interval:120,https://mindanews.com/
Minews,Indonesia,web,interval:120,https://minews.id/
Minutemirror,Pakistan,web,interval:120,https://minutemirror.com.pk/
Mirror,United Kingdom,web,interval:120,https://mirror.co.uk/
Mirrormedia,Madagascar,web,interval:120,https://mirrormedia.mg/
Mistar,Indonesia,web,interval:120,https://mistar.id/
Mitraauto,Indonesia,web,interval:120,https://mitraauto.id/
Mk,South Korea,web,interval:120,https://mk.co.kr/
Mmnews,Pakistan,web,interval:120,https://mmnews.tv/
Mmpeacemonitor,Myanmar,web,interval:120,https://mmpeacemonitor.org/
Hanoi — Mnnhanchinh,Vietnam,web,interval:120,https://mnnhanchinh.hanoi.edu.vn/
Astro Awani,Malaysia,web,interval:120,https://mobile.astroawani.com/
Ministry of Health Brunei,Brunei,web,interval:60,https://moh.gov.bn/
Ministry of Health Brunei,Brunei,web,interval:60,https://moh.gov.bn/news/situasi-terkini-jangkitan-covid-19-di-negara-brunei-darussalam/
Ministry of Health Cambodia,Cambodia,web,interval:60,https://moh.gov.kh/
Moitruong,Vietnam,web,interval:120,https://moitruong.net.vn/
Mommiesdaily,Indonesia,web,interval:120,https://mommiesdaily.com/
Kontan — Momsmoney,Indonesia,web,interval:120,https://momsmoney.kontan.co.id/
Udn,Taiwan,web,interval:120,https://money.udn.com/
More News,Taiwan,web,interval:120,https://more-news.tw/
Morgenpost,Germany,web,interval:120,https://morgenpost.de/
Motthegioi,Vietnam,web,interval:120,https://motthegioi.vn/
Mrjjxw,China,web,interval:120,https://mrjjxw.com/
Moph — Multimedia Anamai,Thailand,web,interval:60,https://multimedia.anamai.moph.go.th/
Munsifdaily,India,web,interval:120,https://munsifdaily.com/
Mwnation,Malawi,web,interval:120,https://mwnation.com/
Myanmar Now,Myanmar,web,interval:120,https://myanmar-now.org/
Mymotherlode,United States,web,interval:120,https://mymotherlode.com/
Mynbc15,United States,web,interval:120,https://mynbc15.com/
Mynorthwest,United States,web,interval:120,https://mynorthwest.com/
Mypmp,Unknown,web,interval:120,https://mypmp.net/
Mytvsuper,Hong Kong,web,interval:120,https://mytvsuper.com/
Yam,Taiwan,web,interval:120,https://n.yam.com/
Nagalandpost,India,web,interval:120,https://nagalandpost.com/
Naidunia,India,web,interval:120,https://naidunia.com/
Newsofthearea — Nambuccavalley,Australia,web,interval:120,https://nambuccavalley.newsofthearea.com.au/
Kompas,Indonesia,web,interval:120,https://nasional.kompas.com/
Navbharatlive,India,web,interval:120,https://navbharatlive.com/
Indiatimes — Navbharattimes,India,web,interval:120,https://navbharattimes.indiatimes.com/
Nawabineka,Indonesia,web,interval:120,https://nawabineka.com/
Nbd,China,web,interval:120,https://nbd.com.cn/
Ndtv,India,web,interval:120,https://ndtv.in/
Nefes,Turkey,web,interval:120,https://nefes.com.tr/
Neoskosmos,Australia,web,interval:120,https://neoskosmos.com/
Nepalipatro,Nepal,web,interval:120,https://nepalipatro.com.np/
Netlife,Vietnam,web,interval:120,https://netlife.vn/
Neworleanscitybusiness,United States,web,interval:120,https://neworleanscitybusiness.com/
News,Azerbaijan,web,interval:120,https://news.az/
Bbsi,South Korea,web,interval:120,https://news.bbsi.co.kr/
Ch7,Thailand,web,interval:120,https://news.ch7.com/
China,Australia,web,interval:120,https://news.china.com.au/
China.com,China,web,interval:120,https://news.china.com/
Cnr,China,web,interval:120,https://news.cnr.cn/
News,Australia,web,interval:120,https://news.com.au/
Creaders,China,web,interval:120,https://news.creaders.net/
Cts,Taiwan,web,interval:120,https://news.cts.com.tw/
News,Germany,web,interval:120,https://news.de/
Detik,Indonesia,web,interval:120,https://news.detik.com/
Detik,Indonesia,web,interval:120,https://news.detik.com/berita/d-7945491/kemenkes-deteksi-7-kasus-covid-19-di-indonesia
Ebc,Taiwan,web,interval:120,https://news.ebc.net.tw/
Google,International,web,interval:120,https://news.google.com/
Harian Jogja,Indonesia,web,interval:120,https://news.harianjogja.com/
Ipcf,Taiwan,web,interval:120,https://news.ipcf.org.tw/
Livedoor,Japan,web,interval:120,https://news.livedoor.com/
Ltn,Taiwan,web,interval:120,https://news.ltn.com.tw/
Nate,South Korea,web,interval:120,https://news.nate.com/
Nextapple,Taiwan,web,interval:120,https://news.nextapple.com/
Ntv,Japan,web,interval:120,https://news.ntv.co.jp/
Pchome,Taiwan,web,interval:120,https://news.pchome.com.tw/
Pts,Taiwan,web,interval:120,https://news.pts.org.tw/
Qq,China,web,interval:120,https://news.qq.com/
Rthk,Hong Kong,web,interval:120,https://news.rthk.hk/
Sbs,South Korea,web,interval:120,https://news.sbs.co.kr/
Ssbcrack,India,web,interval:120,https://news.ssbcrack.com/
Trueid,Thailand,web,interval:120,https://news.trueid.net/
Ttv,Taiwan,web,interval:120,https://news.ttv.com.tw/
Tuoi Tre,Vietnam,web,interval:120,https://news.tuoitre.vn/
Tvb,Hong Kong,web,interval:120,https://news.tvb.com/
Webindia123,India,web,interval:120,https://news.webindia123.com/
Yahoo,Japan,web,interval:120,https://news.yahoo.co.jp/
News1,South Korea,web,interval:120,https://news1.kr/
News4nation,Unknown,web,interval:120,https://news4nation.com/
News4teachers,Germany,web,interval:120,https://news4teachers.de/
News8000,United States,web,interval:120,https://news8000.com/
News9live,India,web,interval:120,https://news9live.com/
Newsaroma,Unknown,web,interval:120,https://newsaroma.com/
Newscentral,Regional,web,interval:120,https://newscentral.africa/
Newsclip,Belgium,web,interval:120,https://newsclip.be/
Newsflash,Philippines,web,interval:120,https://newsflash.ph/
Newsgram,India,web,interval:120,https://newsgram.com/
Philippine Daily Inquirer — Newsinfo,Philippines,web,interval:120,https://newsinfo.inquirer.net/
Newsis,South Korea,web,interval:120,https://newsis.com/
Newskarnataka,India,web,interval:120,https://newskarnataka.com/
Newsnasha,Unknown,web,interval:120,https://newsnasha.com/
Newsnationtv,United States,web,interval:120,https://newsnationtv.com/
Newsofnepal,Nepal,web,interval:120,https://newsofnepal.com/
Newsonair,India,web,interval:60,https://newsonair.gov.in/
Newsweekjapan,Japan,web,interval:120,https://newsweekjapan.jp/
Newswise,United States,web,interval:120,https://newswise.com/
Newswit,Unknown,web,interval:120,https://newswit.com/
Newszoom,South Korea,web,interval:120,https://newszoom.kr/
Co — Newvision,Uganda,web,interval:120,https://newvision.co.ug/
Newzimbabwe,Zimbabwe,web,interval:120,https://newzimbabwe.com/
Ngaynay,Vietnam,web,interval:120,https://ngaynay.vn/
Nghean24h,Vietnam,web,interval:120,https://nghean24h.vn/
Nguoi Noi Tieng,Vietnam,web,interval:120,https://nguoi-noi-tieng.com/
Nguoiduatin,Vietnam,web,interval:120,https://nguoiduatin.vn/
Nguonluc,Vietnam,web,interval:120,https://nguonluc.com.vn/
Nhachannuoi,Vietnam,web,interval:120,https://nhachannuoi.vn/
Nhandan,Vietnam,web,interval:120,https://nhandan.vn/
Nieuws,Netherlands,web,interval:120,https://nieuws.nl/
Nigeriainfo,Nigeria,web,interval:120,https://nigeriainfo.fm/
Nikvesti,Ukraine,web,interval:120,https://nikvesti.com/
Nj,United States,web,interval:120,https://nj.com/
Nkytribune,United States,web,interval:120,https://nkytribune.com/
Nld,Vietnam,web,interval:120,https://nld.com.vn/
Nokorwatnews,Cambodia,web,interval:120,https://nokorwatnews.com/
Nongmin,China,web,interval:120,https://nongmin.com/
Nongnghiephuuco,Vietnam,web,interval:120,https://nongnghiephuuco.vn/
Nongnghiepmoitruong,Vietnam,web,interval:120,https://nongnghiepmoitruong.vn/
Nongsaeng,Thailand,web,interval:60,https://nongsaeng.go.th/
Noovo,Canada,web,interval:120,https://noovo.info/
Northeastnow,India,web,interval:120,https://northeastnow.com/
Seoul — Nownews,South Korea,web,interval:120,https://nownews.seoul.co.kr/
Ntdtv,China,web,interval:120,https://ntdtv.com/
Ntnews,Australia,web,interval:120,https://ntnews.com.au/
Ntvnews,Indonesia,web,interval:120,https://ntvnews.id/
Nusantara News,Indonesia,web,interval:120,https://nusantara-news.co/
Nversia,Russia,web,interval:120,https://nversia.ru/
Nypost,United States,web,interval:120,https://nypost.com/
The New York Times,United States,web,interval:120,https://nytimes.com/
Yahoo News,New Zealand,web,interval:120,https://nz.news.yahoo.com/
Ohio — Odh,United States,web,interval:120,https://odh.ohio.gov/
Odishatv,India,web,interval:120,https://odishatv.in/
Oklahoma,United States,web,interval:60,https://oklahoma.gov/
Omandaily,Oman,web,interval:120,https://omandaily.om/
Ommcomnews,India,web,interval:120,https://ommcomnews.com/
Onenewstvchannel,International,web,interval:120,https://onenewstvchannel.com/
Opb,United States,web,interval:120,https://opb.org/
Moph — Opendata Ddc,Thailand,web,interval:60,https://opendata.ddc.moph.go.th/
Optometryadvisor,United States,web,interval:120,https://optometryadvisor.com/
Oregonlive,United States,web,interval:120,https://oregonlive.com/
Organiser,India,web,interval:120,https://organiser.org/
Organizeindia,India,web,interval:120,https://organizeindia.in/
Orientaldaily,Malaysia,web,interval:120,https://orientaldaily.com.my/
Osthessen News,Germany,web,interval:120,https://osthessen-news.de/
Ostsee Zeitung,Germany,web,interval:120,https://ostsee-zeitung.de/
Ottawacitizen,Canada,web,interval:120,https://ottawacitizen.com/
Ottumwacourier,United States,web,interval:120,https://ottumwacourier.com/
Substack — Outbreaknewstoday,United States,web,interval:120,https://outbreaknewstoday.substack.com/
Outlookindia,India,web,interval:120,https://outlookindia.com/
Outsideonline,United States,web,interval:120,https://outsideonline.com/
Ozgunkocaeli,Turkey,web,interval:120,https://ozgunkocaeli.com.tr/
Pacificcross,Vietnam,web,interval:120,https://pacificcross.com.vn/
Tribunnews — Padang,Indonesia,web,interval:120,https://padang.tribunnews.com/
Jawa Pos — Padek,Indonesia,web,interval:120,https://padek.jawapos.com/
Pahami,Indonesia,web,interval:120,https://pahami.id/
Palawan News,Philippines,web,interval:120,https://palawan-news.com/
Disway — Paltv,Indonesia,web,interval:120,https://paltv.disway.id/
Antara News — Papuabarat,Indonesia,web,interval:60,https://papuabarat.antaranews.com/
Passeportsante,France,web,interval:120,https://passeportsante.net/
Patrolipost,Indonesia,web,interval:120,https://patrolipost.com/
Tribunnews — Pekanbaru,Indonesia,web,interval:120,https://pekanbaru.tribunnews.com/
Pentapostagma,Greece,web,interval:120,https://pentapostagma.gr/
Peopledaily,International,web,interval:120,https://peopledaily.digital/
Peraknew,Malaysia,web,interval:120,https://peraknew.com/
Health — Phim,Malawi,web,interval:60,https://phim.health.gov.mw/
Phunuonline,Vietnam,web,interval:120,https://phunuonline.com.vn/
Nguoiduatin — Phunuphapluat,Vietnam,web,interval:120,https://phunuphapluat.nguoiduatin.vn/
Phunutoday,Vietnam,web,interval:120,https://phunutoday.vn/
Phunuvietnam,Vietnam,web,interval:120,https://phunuvietnam.vn/
Philippine Information Agency,Philippines,web,interval:60,https://pia.gov.ph/
Pisatoday,Italy,web,interval:120,https://pisatoday.it/
Plo,Vietnam,web,interval:120,https://plo.vn/
Pmnewsnigeria,Nigeria,web,interval:120,https://pmnewsnigeria.com/
Policycircle,India,web,interval:120,https://policycircle.org/
Tribunnews — Pontianak,Indonesia,web,interval:120,https://pontianak.tribunnews.com/
Jawa Pos — Pontianakpost,Indonesia,web,interval:120,https://pontianakpost.jawapos.com/
Lviv,Ukraine,web,interval:120,https://portal.lviv.ua/
Portugalresident,Portugal,web,interval:120,https://portugalresident.com/
Positiveanglenews,Unknown,web,interval:120,https://positiveanglenews.com/
Postkhmer,Cambodia,web,interval:120,https://postkhmer.com/
Posttoday,Thailand,web,interval:120,https://posttoday.com/
Pptvhd36,Thailand,web,interval:120,https://pptvhd36.com/
Moph,Thailand,web,interval:60,https://pr.moph.go.th/
Prahaar,India,web,interval:120,https://prahaar.in/
Prd,Thailand,web,interval:60,https://prd.go.th/
Premiumtimesng,Nigeria,web,interval:120,https://premiumtimesng.com/
Primamedia,Russia,web,interval:120,https://primamedia.ru/
Primo,Thailand,web,interval:120,https://primo.co.th/
Probolinggokota,Indonesia,web,interval:60,https://probolinggokota.go.id/
Tribunnews — Prohaba,Indonesia,web,interval:120,https://prohaba.tribunnews.com/
ProMED,International,web,interval:60,https://promedmail.org/
Pronedra,Russia,web,interval:120,https://pronedra.ru/
Prooren,Russia,web,interval:120,https://prooren.ru/
Prd — Pscd,Thailand,web,interval:60,https://pscd.prd.go.th/
American Academy of Pediatrics,United States,api,interval:60,https://publications.aap.org/
Punchng,Nigeria,web,interval:120,https://punchng.com/
Punto,Philippines,web,interval:120,https://punto.com.ph/
Qare,France,web,interval:120,https://qare.fr/
Qazinform,Kazakhstan,web,interval:120,https://qazinform.com/
Org — Qna,Qatar,web,interval:120,https://qna.org.qa/
Qnews,Australia,web,interval:120,https://qnews.com.au/
Quadratin,Mexico,web,interval:120,https://quadratin.com/
Quezoncity,Philippines,web,interval:60,https://quezoncity.gov.ph/
Jawa Pos — Radarbanjarmasin,Indonesia,web,interval:120,https://radarbanjarmasin.jawapos.com/
Disway — Radarbanyumas,Indonesia,web,interval:120,https://radarbanyumas.disway.id/
Disway — Radarbengkulu,Indonesia,web,interval:120,https://radarbengkulu.disway.id/
Jawa Pos — Radarbromo,Indonesia,web,interval:120,https://radarbromo.jawapos.com/
Jawa Pos — Radarjember,Indonesia,web,interval:120,https://radarjember.jawapos.com/
Jawa Pos — Radarjogja,Indonesia,web,interval:120,https://radarjogja.jawapos.com/
Jawa Pos — Radarjogja,Indonesia,web,interval:120,https://radarjogja.jawapos.com/jogja/656071866/potensi-demam-berdarah-dengue-dbd-meningkat-selama-kemarau-basah-dinkes-kota-jogja-hingga-mei-2025-sudah-ada-161-kasus
Jawa Pos — Radarlamongan,Indonesia,web,interval:120,https://radarlamongan.jawapos.com/
Jawa Pos — Radarmadiun,Indonesia,web,interval:120,https://radarmadiun.jawapos.com/
Jawa Pos — Radarmalang,Indonesia,web,interval:120,https://radarmalang.jawapos.com/
Jawa Pos — Radarmojokerto,Indonesia,web,interval:120,https://radarmojokerto.jawapos.com/
Jawa Pos — Radarsolo,Indonesia,web,interval:120,https://radarsolo.jawapos.com/
Jawa Pos — Radartuban,Indonesia,web,interval:120,https://radartuban.jawapos.com/
Jawa Pos — Radartulungagung,Indonesia,web,interval:120,https://radartulungagung.jawapos.com/
Radioetoil,Unknown,web,interval:120,https://radioetoil.com/
Radyopilipinas,Philippines,web,interval:60,https://radyopilipinas.ph/
Rainews,Italy,web,interval:120,https://rainews.it/
Rajexpress,India,web,interval:120,https://rajexpress.com/
Raptorpersecutionuk,United Kingdom,web,interval:120,https://raptorpersecutionuk.org/
Rata,Sri Lanka,web,interval:120,https://rata.lk/
Prd — Ratchaburi,Thailand,web,interval:60,https://ratchaburi.prd.go.th/
Disway — Rbtv,Indonesia,web,interval:120,https://rbtv.disway.id/
Rctiplus,Indonesia,web,interval:120,https://rctiplus.com/
Espos,Indonesia,web,interval:120,https://regional.espos.id/
Kompas,Indonesia,web,interval:120,https://regional.kompas.com/
Regionriverina,Australia,web,interval:120,https://regionriverina.com.au/
Republika — Rejabar,Indonesia,web,interval:120,https://rejabar.republika.co.id/
Republika — Rejogja,Indonesia,web,interval:120,https://rejogja.republika.co.id/
ReliefWeb,International,web,interval:60,https://reliefweb.int/
Remate,Philippines,web,interval:120,https://remate.ph/
Retractionwatch,International,web,interval:120,https://retractionwatch.com/
Suara — Riau,Indonesia,web,interval:120,https://riau.suara.com/
Riaueditor,Indonesia,web,interval:120,https://riaueditor.com/
Risingnepaldaily,Nepal,web,interval:120,https://risingnepaldaily.com/
Rmn,Philippines,web,interval:120,https://rmn.ph/
Rnz,New Zealand,web,interval:120,https://rnz.co.nz/
Rollingstone,United States,web,interval:120,https://rollingstone.com/
Ronggo,Indonesia,web,interval:120,https://ronggo.id/
Rpnradio,Philippines,web,interval:120,https://rpnradio.com/
RRI,Indonesia,web,interval:60,https://rri.co.id/
Ruangriau,Indonesia,web,interval:120,https://ruangriau.com/
Ruralradio,United States,web,interval:120,https://ruralradio.com/
Ryt9,Thailand,web,interval:120,https://ryt9.com/
Saba,Yemen,web,interval:120,https://saba.ye/
Sabahmedia,Malaysia,web,interval:120,https://sabahmedia.com/
Sanook,Thailand,web,interval:120,https://sanook.com/
Santafenewmexican,United States,web,interval:120,https://santafenewmexican.com/
Sbs,Australia,web,interval:120,https://sbs.com.au/
Scientificamerican,United States,web,interval:120,https://scientificamerican.com/
Scooptw,Taiwan,web,interval:120,https://scooptw.com/
Secretchina,China,web,interval:120,https://secretchina.com/
Kementerian Kesehatan Indonesia — Sehatnegeriku,Indonesia,web,interval:60,https://sehatnegeriku.kemkes.go.id/
Setn,Taiwan,web,interval:120,https://setn.com/
Yahoo News,Singapore,web,interval:120,https://sg.news.yahoo.com/
Shabiba,Oman,web,interval:120,https://shabiba.com/
Shafaq,Iraq,web,interval:120,https://shafaq.com/
Sheridanmedia,United States,web,interval:120,https://sheridanmedia.com/
Shropshirelive,United Kingdom,web,interval:120,https://shropshirelive.com/
Siakapkeli,Malaysia,web,interval:120,https://siakapkeli.my/
Siamnews,Thailand,web,interval:120,https://siamnews.com/
Siamrath,Thailand,web,interval:120,https://siamrath.co.th/
Sierraloaded,Sierra Leone,web,interval:120,https://sierraloaded.sl/
Singtao,Canada,web,interval:120,https://singtao.ca/
Asianmirror — Sinhala,Sri Lanka,web,interval:120,https://sinhala.asianmirror.lk/
Smartraveller,Australia,web,interval:60,https://smartraveller.gov.au/
Smartsumbar,Indonesia,web,interval:120,https://smartsumbar.com/
Smh,Australia,web,interval:120,https://smh.com.au/
Smninewschannel,Philippines,web,interval:120,https://smninewschannel.com/
Sohuutritue,Vietnam,web,interval:120,https://sohuutritue.net.vn/
Tribunnews — Solo,Indonesia,web,interval:120,https://solo.tribunnews.com/
Espos — Solopos,Indonesia,web,interval:120,https://solopos.espos.id/
Harian Jogja — Soloraya,Indonesia,web,interval:120,https://soloraya.harianjogja.com/
Sondhitalk,India,web,interval:120,https://sondhitalk.com/
Hanoi — Soyte,Vietnam,web,interval:60,https://soyte.hanoi.gov.vn/
Tuyenquang — Soyte,Vietnam,web,interval:60,https://soyte.tuyenquang.gov.vn/
Spectator,Australia,web,interval:120,https://spectator.com.au/
Spiritriau,Indonesia,web,interval:120,https://spiritriau.com/
Springnews,Thailand,web,interval:120,https://springnews.co.th/
Srilankamirror,Sri Lanka,web,interval:120,https://srilankamirror.com/
Orf — Steiermark,Austria,web,interval:120,https://steiermark.orf.at/
Stern,Germany,web,interval:120,https://stern.de/
Stratnewsglobal,India,web,interval:120,https://stratnewsglobal.com/
Stthomassource,US Virgin Islands,web,interval:120,https://stthomassource.com/
Suara,Indonesia,web,interval:120,https://suara.com/
Suarabaru,Indonesia,web,interval:120,https://suarabaru.id/
Suarakalbar,Indonesia,web,interval:120,https://suarakalbar.co.id/
Suarantb,Indonesia,web,interval:120,https://suarantb.com/
Suarasurabaya,Indonesia,web,interval:120,https://suarasurabaya.net/
Suckhoecong,Vietnam,web,interval:120,https://suckhoecong.vn/
Suckhoecongdongonline,Vietnam,web,interval:120,https://suckhoecongdongonline.vn/
Suckhoedoisong,Vietnam,web,interval:120,https://suckhoedoisong.vn/
Suckhoemoitruong,Vietnam,web,interval:120,https://suckhoemoitruong.com.vn/
Sudantribune,Vietnam,web,interval:120,https://sudantribune.net/
Sukabumiupdate,Indonesia,web,interval:120,https://sukabumiupdate.com/
Herald — Sulsel,Indonesia,web,interval:120,https://sulsel.herald.id/
Antara News — Sulteng,Indonesia,web,interval:60,https://sulteng.antaranews.com/
Sultramedia,Indonesia,web,interval:120,https://sultramedia.id/
Bisnis — Sumatra,Indonesia,web,interval:120,https://sumatra.bisnis.com/
Sunmedia,Taiwan,web,interval:120,https://sunmedia.tw/
Kompas — Surabaya,Indonesia,web,interval:120,https://surabaya.kompas.com/
Tribunnews — Surabaya,Indonesia,web,interval:120,https://surabaya.tribunnews.com/
Surfcoastnews,Australia,web,interval:120,https://surfcoastnews.com.au/
Tribunnews — Suryamalang,Indonesia,web,interval:120,https://suryamalang.tribunnews.com/
Sydney,Australia,web,interval:120,https://sydney.edu.au/
T,International,web,interval:120,https://t.media/
Taiwanhot,Taiwan,web,interval:120,https://taiwanhot.net/
Ltn — Talk,Taiwan,web,interval:120,https://talk.ltn.com.tw/
Tamanhhospital,Vietnam,web,interval:120,https://tamanhhospital.vn/
Tangselpos,Indonesia,web,interval:120,https://tangselpos.id/
Taronews,Taiwan,web,interval:120,https://taronews.tw/
Tass,Russia,web,interval:120,https://tass.ru/
Tatimes,Australia,web,interval:120,https://tatimes.com.au/
Tatoli,Timor-Leste,web,interval:120,https://tatoli.tl/
Telanganatoday,India,web,interval:120,https://telanganatoday.com/
Tengrinews,Kazakhstan,web,interval:120,https://tengrinews.kz/
Tribunnews — Ternate,Indonesia,web,interval:120,https://ternate.tribunnews.com/
Texastribune,United States,web,interval:120,https://texastribune.org/
Yanhee,Thailand,web,interval:120,https://th.yanhee.net/
Thaich8,Thailand,web,interval:120,https://thaich8.com/
Thainewsonline,Thailand,web,interval:120,https://thainewsonline.co/
Thaipbs,Thailand,web,interval:120,https://thaipbs.or.th/
Thaipost,Thailand,web,interval:120,https://thaipost.net/
Thaipr,Thailand,web,interval:120,https://thaipr.net/
Thairath,Thailand,web,interval:120,https://thairath.co.th/
Chinhphu — Thanglong,Vietnam,web,interval:120,https://thanglong.chinhphu.vn/
Thanh Nien,Vietnam,web,interval:120,https://thanhnien.vn/
Thanhtra,Vietnam,web,interval:60,https://thanhtra.com.vn/
Thansettakij,Thailand,web,interval:120,https://thansettakij.com/
Theannapurnaexpress,Nepal,web,interval:120,https://theannapurnaexpress.com/
Theaustralian,Australia,web,interval:120,https://theaustralian.com.au/
Thebangkokinsight,Thailand,web,interval:120,https://thebangkokinsight.com/
Theberkshireedge,United States,web,interval:120,https://theberkshireedge.com/
Thechronicle,Philippines,web,interval:120,https://thechronicle.com.ph/
Theconversation,International,web,interval:120,https://theconversation.com/
Theedgemalaysia,Malaysia,web,interval:120,https://theedgemalaysia.com/
Thegazellenews,Nigeria,web,interval:120,https://thegazellenews.com/
Thehawk,India,web,interval:120,https://thehawk.in/
Thehealthsite,India,web,interval:120,https://thehealthsite.com/
Theindiadaily,India,web,interval:120,https://theindiadaily.com/
Thelallantop,India,web,interval:120,https://thelallantop.com/
Thelucknowtribune,India,web,interval:120,https://thelucknowtribune.com/
Themandarin,Australia,web,interval:120,https://themandarin.com.au/
Thenationonlineng,Nigeria,web,interval:120,https://thenationonlineng.net/
Thenewsmill,India,web,interval:120,https://thenewsmill.com/
Thepaper,China,web,interval:120,https://thepaper.cn/
Thepatriot,India,web,interval:120,https://thepatriot.in/
Theprint,India,web,interval:120,https://theprint.in/
Thesouthfirst,India,web,interval:120,https://thesouthfirst.com/
Thestandard,Thailand,web,interval:120,https://thestandard.co/
Thestar,Nigeria,web,interval:120,https://thestar.ng/
Thesun,Malaysia,web,interval:120,https://thesun.my/
Thethaiger,Thailand,web,interval:120,https://thethaiger.com/
Thethaovanhoa,Vietnam,web,interval:120,https://thethaovanhoa.vn/
Thewest,Australia,web,interval:120,https://thewest.com.au/
Thewhistler,Nigeria,web,interval:120,https://thewhistler.ng/
Thiennhienmoitruong,Vietnam,web,interval:120,https://thiennhienmoitruong.vn/
Thieunien,Vietnam,web,interval:120,https://thieunien.vn/
Thinkglobalhealth,International,web,interval:120,https://thinkglobalhealth.org/
Thisdaylive,Nigeria,web,interval:120,https://thisdaylive.com/
Thuonghieucongluan,Vietnam,web,interval:120,https://thuonghieucongluan.com.vn/
Thuvienphapluat,Vietnam,web,interval:120,https://thuvienphapluat.vn/
Tiasang,Vietnam,web,interval:120,https://tiasang.com.vn/
Tiemchunglongchau,Vietnam,web,interval:120,https://tiemchunglongchau.com.vn/
Chinhphu — Tiengchuong,Vietnam,web,interval:120,https://tiengchuong.chinhphu.vn/
Tiengiang,Vietnam,web,interval:60,https://tiengiang.gov.vn/
Tienphong,Vietnam,web,interval:120,https://tienphong.vn/
Tiin,Vietnam,web,interval:120,https://tiin.vn/
Timesindonesia,Indonesia,web,interval:120,https://timesindonesia.co.id/
Timesindonesia,Indonesia,web,interval:120,https://timesindonesia.co.id/peristiwa-daerah/540712/kasus-leptospirosis-naik-20-persen-dinkes-pacitan-anggarkan-rp2632-juta
Indiatimes — Timesofindia,India,web,interval:120,https://timesofindia.indiatimes.com/
Timikaexpress,Indonesia,web,interval:120,https://timikaexpress.id/
Tnews,Thailand,web,interval:120,https://tnews.co.th/
Tnnenglish,Thailand,web,interval:120,https://tnnenglish.com/
Tnnthailand,Thailand,web,interval:120,https://tnnthailand.com/
Today,Azerbaijan,web,interval:120,https://today.az/
Line — Today,Regional,web,interval:120,https://today.line.me/
Todaygwangju,South Korea,web,interval:120,https://todaygwangju.com/
Toonippo,Japan,web,interval:120,https://toonippo.co.jp/
Hket — Topick,Hong Kong,web,interval:120,https://topick.hket.com/
Topnews,Thailand,web,interval:120,https://topnews.co.th/
Citynews — Toronto,Canada,web,interval:120,https://toronto.citynews.ca/
Travelhealthpro,United Kingdom,web,interval:120,https://travelhealthpro.org.uk/
Polri — Tribratanews Jabar,Indonesia,web,interval:60,https://tribratanews.jabar.polri.go.id/
Tribune,Pakistan,web,interval:120,https://tribune.com.pk/
Tribune,Philippines,web,interval:120,https://tribune.net.ph/
Tribuneindia,India,web,interval:120,https://tribuneindia.com/
Tristarnews,Taiwan,web,interval:120,https://tristarnews.com.tw/
Trithucvn2,Vietnam,web,interval:120,https://trithucvn2.net/
Trt,Turkey,web,interval:120,https://trt.global/
Tsargrad,Russia,web,interval:120,https://tsargrad.tv/
Ttbc Hcm,Vietnam,web,interval:60,https://ttbc-hcm.gov.vn/
Hsnews — Ttt,Taiwan,web,interval:120,https://ttt.hsnews.com.tw/
Ttv,Taiwan,web,interval:120,https://ttv.com.tw/
Tuoi Tre,Vietnam,web,interval:120,https://tuoitre.vn/
Tuoitrenews,Vietnam,web,interval:120,https://tuoitrenews.vn/
Tuoitrethudo,Vietnam,web,interval:120,https://tuoitrethudo.vn/
Turnnewsapp,Unknown,web,interval:120,https://turnnewsapp.com/
Tvonenews,Indonesia,web,interval:120,https://tvonenews.com/
Tvsarawak,Malaysia,web,interval:120,https://tvsarawak.my/
Yahoo News,Taiwan,web,interval:120,https://tw.news.yahoo.com/
Nextapple,Taiwan,web,interval:120,https://tw.nextapple.com/
Udn,Taiwan,web,interval:120,https://udn.com/
Uii,Indonesia,web,interval:120,https://uii.ac.id/
Yahoo News,United Kingdom,web,interval:120,https://uk.news.yahoo.com/
Unair,Indonesia,web,interval:120,https://unair.ac.id/
Unb,Bangladesh,web,interval:120,https://unb.com.bd/
Unicef,Australia,web,interval:120,https://unicef.org.au/
Unn,Ukraine,web,interval:120,https://unn.ua/
Upi,United States,web,interval:120,https://upi.com/
App — Urdu,Pakistan,web,interval:120,https://urdu.app.com.pk/
Usatoday,United States,web,interval:120,https://usatoday.com/
Utusan,Malaysia,web,interval:120,https://utusan.com.my/
Daum,South Korea,web,interval:120,https://v.daum.net/
Validnews,Indonesia,web,interval:120,https://validnews.id/
Varnam,Malaysia,web,interval:120,https://varnam.my/
Verdictum,India,web,interval:120,https://verdictum.in/
Vietbao,Vietnam,web,interval:120,https://vietbao.vn/
Vietgiaitri,Vietnam,web,interval:120,https://vietgiaitri.com/
Vietnambiz,Vietnam,web,interval:120,https://vietnambiz.vn/
VietnamNet,Vietnam,web,interval:120,https://vietnamnet.vn/
Vietnamnews,Vietnam,web,interval:120,https://vietnamnews.vn/
Viettimes,Vietnam,web,interval:120,https://viettimes.vn/
Bomboradyo — Vigan,Philippines,web,interval:120,https://vigan.bomboradyo.com/
Visayandailystar,Philippines,web,interval:120,https://visayandailystar.com/
Politiko — Visayas,Philippines,web,interval:120,https://visayas.politiko.com.ph/
Viv,Indonesia,web,interval:120,https://viv.co.id/
Vneconomy,Vietnam,web,interval:120,https://vneconomy.vn/
VNExpress,Vietnam,web,interval:120,https://vnexpress.net/
Vnvc,Vietnam,web,interval:120,https://vnvc.vn/
Voaindonesia,Indonesia,web,interval:120,https://voaindonesia.com/
Voh,Vietnam,web,interval:120,https://voh.com.vn/
Voi,Indonesia,web,interval:120,https://voi.id/
Vov,Vietnam,web,interval:60,https://vov.gov.vn/
Vov,Vietnam,web,interval:120,https://vov.vn/
Vov — Vov1,Vietnam,web,interval:120,https://vov1.vov.vn/
Vovgiaothong,Vietnam,web,interval:120,https://vovgiaothong.vn/
Vtv,Vietnam,web,interval:120,https://vtv.vn/
Wadr,Regional,web,interval:120,https://wadr.org/
Wahpetondailynews,United States,web,interval:120,https://wahpetondailynews.com/
Jogjakota — Warta,Indonesia,web,interval:60,https://warta.jogjakota.go.id/
Washingtonpost,United States,web,interval:120,https://washingtonpost.com/
Watoday,Australia,web,interval:120,https://watoday.com.au/
Waymagazine,Unknown,web,interval:120,https://waymagazine.org/
Wcvb,United States,web,interval:120,https://wcvb.com/
Wdbj7,United States,web,interval:120,https://wdbj7.com/
Wenweipo,Hong Kong,web,interval:120,https://wenweipo.com/
Wenxuecity,China,web,interval:120,https://wenxuecity.com/
Wgntv,United States,web,interval:120,https://wgntv.com/
Orf — Wien,Austria,web,interval:120,https://wien.orf.at/
Womensweekly,Australia,web,interval:120,https://womensweekly.com.au/
Workpointnews,Thailand,web,interval:120,https://workpointnews.com/
Wusa9,United States,web,interval:120,https://wusa9.com/
Wvnews,United States,web,interval:120,https://wvnews.com/
4ca,Australia,web,interval:120,https://www.4ca.com.au/
Aa,Turkey,web,interval:120,https://www.aa.com.tr/
Abante,Philippines,web,interval:120,https://www.abante.com.ph/
Abc,Australia,web,interval:120,https://www.abc.net.au/
ABS-CBN,Philippines,web,interval:120,https://www.abs-cbn.com/
Adaderana,Sri Lanka,web,interval:120,https://www.adaderana.lk/
Africanews,Regional,web,interval:120,https://www.africanews.com/
Agenzianova,Italy,web,interval:120,https://www.agenzianova.com/
Ajnn,Indonesia,web,interval:120,https://www.ajnn.net/
An17,Indonesia,web,interval:120,https://www.an17.com/
Antara News,Indonesia,web,interval:120,https://www.antaranews.com/
Antena3,Spain,web,interval:120,https://www.antena3.com/
Aol,United States,web,interval:120,https://www.aol.com/
App,Pakistan,web,interval:120,https://www.app.com.pk/
Arabnews,Saudi Arabia,web,interval:120,https://www.arabnews.com/
Atlantanewsfirst,United States,web,interval:120,https://www.atlantanewsfirst.com/
Audacy,United States,web,interval:120,https://www.audacy.com/
Admin — Bag,Switzerland,web,interval:120,https://www.bag.admin.ch/
Balipost,Indonesia,web,interval:120,https://www.balipost.com/
Bangkokbiznews,Thailand,web,interval:120,https://www.bangkokbiznews.com/
Bangkok Post,Thailand,web,interval:120,https://www.bangkokpost.com/
Banglanews24,Bangladesh,web,interval:120,https://www.banglanews24.com/
Banglatribune,Bangladesh,web,interval:120,https://www.banglatribune.com/
Barrons,United States,web,interval:120,https://www.barrons.com/
Bazonline,Switzerland,web,interval:120,https://www.bazonline.ch/
BBC,United Kingdom,web,interval:120,https://www.bbc.com/
Bd Pratidin,Bangladesh,web,interval:120,https://www.bd-pratidin.com/
Beritasatu,Indonesia,web,interval:120,https://www.beritasatu.com/
Bernama,Malaysia,web,interval:120,https://www.bernama.com/
Bernama,Malaysia,web,interval:120,https://www.bernama.com/en/region/news.php?id=2428800
Bharian,Malaysia,web,interval:120,https://www.bharian.com.my/
Bhaskar,India,web,interval:120,https://www.bhaskar.com/
Bhaskarhindi,India,web,interval:120,https://www.bhaskarhindi.com/
Birminghammail,United Kingdom,web,interval:120,https://www.birminghammail.co.uk/
Blackenterprise,United States,web,interval:120,https://www.blackenterprise.com/
Bloombergtechnoz,Indonesia,web,interval:120,https://www.bloombergtechnoz.com/
Bnionline,Myanmar,web,interval:120,https://www.bnionline.net/
Bolnews,Pakistan,web,interval:120,https://www.bolnews.com/
Bovinevetonline,United States,web,interval:120,https://www.bovinevetonline.com/
Brantbeacon,Canada,web,interval:120,https://www.brantbeacon.ca/
Brecorder,Pakistan,web,interval:120,https://www.brecorder.com/
Brigadanews,Philippines,web,interval:120,https://www.brigadanews.ph/
Bssnews,Bangladesh,web,interval:120,https://www.bssnews.net/
Busan,South Korea,web,interval:120,https://www.busan.com/
Canada,Canada,web,interval:60,https://www.canada.ca/
Capitalfm,Kenya,web,interval:120,https://www.capitalfm.co.ke/
Caravan,Kazakhstan,web,interval:120,https://www.caravan.kz/
Castlegarnews,Canada,web,interval:120,https://www.castlegarnews.com/
Cbc,Canada,web,interval:120,https://www.cbc.ca/
Cbs8,United States,web,interval:120,https://www.cbs8.com/
Cbsnews,United States,web,interval:120,https://www.cbsnews.com/
CDC,Australia,web,interval:60,https://www.cdc.gov.au/
US CDC,United States,web,interval:60,https://www.cdc.gov/
Cdcmoh,Cambodia,web,interval:60,https://www.cdcmoh.gov.kh/
Channel3000,United States,web,interval:120,https://www.channel3000.com/
Channel News Asia,Singapore,web,interval:120,https://www.channelnewsasia.com/
Chch,Canada,web,interval:120,https://www.chch.com/
Chiangraitimes,Thailand,web,interval:120,https://www.chiangraitimes.com/
Chronline,United States,web,interval:120,https://www.chronline.com/
Chugoku Np,Japan,web,interval:120,https://www.chugoku-np.co.jp/
Umn — Cidrap,United States,web,interval:120,https://www.cidrap.umn.edu/
Citizen,South Africa,web,interval:120,https://www.citizen.co.za/
Cleveland,United States,web,interval:120,https://www.cleveland.com/
Cna,Taiwan,web,interval:120,https://www.cna.com.tw/
CNBC Indonesia,Indonesia,web,interval:120,https://www.cnbcindonesia.com/
CNBC Indonesia,Indonesia,web,interval:120,https://www.cnbcindonesia.com/lifestyle/20250531143853-33-637453/mendadak-kemenkes-keluarkan-peringatan-waspada-covid-19-ada-apa
CNN Indonesia,Indonesia,web,interval:120,https://www.cnnindonesia.com/
Congo Press,Democratic Republic of the Congo,web,interval:120,https://www.congo-press.com/
Contagionlive,International,web,interval:120,https://www.contagionlive.com/
Corsematin,France,web,interval:120,https://www.corsematin.com/
Cremonaoggi,Italy,web,interval:120,https://www.cremonaoggi.it/
Ctvnews,Canada,web,interval:120,https://www.ctvnews.ca/
Daijiworld,India,web,interval:120,https://www.daijiworld.com/
Daily Sun,Bangladesh,web,interval:120,https://www.daily-sun.com/
Dailyexpress,Malaysia,web,interval:120,https://www.dailyexpress.com.my/
Dailymail,United Kingdom,web,interval:120,https://www.dailymail.co.uk/
Dailymirror,Sri Lanka,web,interval:120,https://www.dailymirror.lk/
Dailynews,Sri Lanka,web,interval:120,https://www.dailynews.lk/
Dawn,Pakistan,web,interval:120,https://www.dawn.com/
Dawnnews,Pakistan,web,interval:120,https://www.dawnnews.tv/
Deccanchronicle,India,web,interval:120,https://www.deccanchronicle.com/
Deccanherald,India,web,interval:120,https://www.deccanherald.com/
Denpost,Indonesia,web,interval:120,https://www.denpost.id/
Denverpost,United States,web,interval:120,https://www.denverpost.com/
Deshsewak,India,web,interval:120,https://www.deshsewak.org/
Detik,Indonesia,web,interval:120,https://www.detik.com/
Dhakatribune,Bangladesh,web,interval:120,https://www.dhakatribune.com/
Diariodeleon,Spain,web,interval:120,https://www.diariodeleon.es/
Diariosigloxxi,Spain,web,interval:120,https://www.diariosigloxxi.com/
Diarioveterinario,Spain,web,interval:120,https://www.diarioveterinario.com/
Dimsumdaily,Hong Kong,web,interval:120,https://www.dimsumdaily.hk/
Texas — Dshs,United States,web,interval:60,https://www.dshs.texas.gov/
ECDC,European Union,web,interval:60,https://www.ecdc.europa.eu/
Ecr,South Africa,web,interval:120,https://www.ecr.co.za/
Elespanol,Spain,web,interval:120,https://www.elespanol.com/
Elperiodicodearagon,Spain,web,interval:120,https://www.elperiodicodearagon.com/
Elprogreso,Spain,web,interval:120,https://www.elprogreso.es/
Elsiglodetorreon,Mexico,web,interval:120,https://www.elsiglodetorreon.com.mx/
Endpolio,Pakistan,web,interval:60,https://www.endpolio.com.pk/
Ensonhaber,Turkey,web,interval:120,https://www.ensonhaber.com/
Epochtimes,International,web,interval:120,https://www.epochtimes.com/
Erienewsnow,United States,web,interval:120,https://www.erienewsnow.com/
Ettoday,Taiwan,web,interval:120,https://www.ettoday.net/
Etvbharat,India,web,interval:120,https://www.etvbharat.com/
Euronews,European Union,web,interval:120,https://www.euronews.com/
Express,United Kingdom,web,interval:120,https://www.express.co.uk/
Facebook,International,social_media,interval:60,https://www.facebook.com/
Com — Fbcnews,Fiji,web,interval:120,https://www.fbcnews.com.fj/
Focusonafrica,Regional,web,interval:120,https://www.focusonafrica.info/
Forbes,International,web,interval:120,https://www.forbes.com/
Fortuneindia,India,web,interval:120,https://www.fortuneindia.com/
Fox4news,United States,web,interval:120,https://www.fox4news.com/
Franceinfo,France,web,interval:120,https://www.franceinfo.fr/
Francetvinfo,France,web,interval:120,https://www.francetvinfo.fr/
Freemalaysiatoday,Malaysia,web,interval:120,https://www.freemalaysiatoday.com/
Freep,United States,web,interval:120,https://www.freep.com/
Fukuoka Now,Japan,web,interval:120,https://www.fukuoka-now.com/
Galvnews,United States,web,interval:120,https://www.galvnews.com/
Gavi,International,web,interval:60,https://www.gavi.org/
Gazeta,Russia,web,interval:120,https://www.gazeta.ru/
Gazzettadimantova,Italy,web,interval:120,https://www.gazzettadimantova.it/
Genpi,Indonesia,web,interval:120,https://www.genpi.co/
GMA Network,Philippines,web,interval:60,https://www.gmanetwork.com/news/topstories/nation/948110/doh-urges-public-to-fact-check-info-on-mpox/story/
Khmertimeskh,Cambodia,web,interval:120,https://www.khmertimeskh.com/501691304/cambodia-reports-23-new-covid-19-cases/
Mediafax,Romania,web,interval:120,https://www.mediafax.ro/
Medicalbrief,South Africa,web,interval:120,https://www.medicalbrief.co.za/
Medicalnews,Pakistan,web,interval:120,https://www.medicalnews.pk/
Health — Metrosouth,Australia,web,interval:60,https://www.metrosouth.health.qld.gov.au/
Metrotvnews,Indonesia,web,interval:120,https://www.metrotvnews.com/
Metrovaartha,India,web,interval:120,https://www.metrovaartha.com/
Millenniumpost,India,web,interval:120,https://www.millenniumpost.in/
Miragenews,Australia,web,interval:120,https://www.miragenews.com/
Mk Mari,Russia,web,interval:120,https://www.mk-mari.ru/
Mlive,United States,web,interval:120,https://www.mlive.com/
Modernghana,Ghana,web,interval:120,https://www.modernghana.com/
Ministry of Health Singapore,Singapore,web,interval:60,https://www.moh.gov.sg/
Moi,Myanmar,web,interval:60,https://www.moi.gov.mm/
Moroccoworldnews,Morocco,web,interval:120,https://www.moroccoworldnews.com/
Mrt,United States,web,interval:120,https://www.mrt.com/
MSN,United States,web,interval:120,https://www.msn.com/
Myanmaritv,Myanmar,web,interval:120,https://www.myanmaritv.com/
Myjoyonline,Ghana,web,interval:120,https://www.myjoyonline.com/
Naewna,Thailand,web,interval:120,https://www.naewna.com/
Nation,Pakistan,web,interval:120,https://www.nation.com.pk/
The Nation Thailand,Thailand,web,interval:120,https://www.nationthailand.com/
Nbcchicago,United States,web,interval:120,https://www.nbcchicago.com/
Nbcdfw,United States,web,interval:120,https://www.nbcdfw.com/
Nbcnews,United States,web,interval:120,https://www.nbcnews.com/
Nbcrightnow,United States,web,interval:120,https://www.nbcrightnow.com/
Ndtv,India,web,interval:120,https://www.ndtv.com/
Ndtvprofit,India,web,interval:120,https://www.ndtvprofit.com/
Nea,Singapore,web,interval:60,https://www.nea.gov.sg/
Newagebd,Bangladesh,web,interval:120,https://www.newagebd.net/
Newindianexpress,India,web,interval:120,https://www.newindianexpress.com/
Newkerala,India,web,interval:120,https://www.newkerala.com/
Newsbreak,United States,web,interval:120,https://www.newsbreak.com/
Newsdrum,India,web,interval:120,https://www.newsdrum.in/
Newsfirst,Sri Lanka,web,interval:120,https://www.newsfirst.lk/
Newsweek,United States,web,interval:120,https://www.newsweek.com/
Newswire,Sri Lanka,web,interval:120,https://www.newswire.lk/
Newtimes,Rwanda,web,interval:120,https://www.newtimes.co.rw/
Nicd,South Africa,web,interval:60,https://www.nicd.ac.za/
Nikkan Gendai,Japan,web,interval:120,https://www.nikkan-gendai.com/
Nj,United States,web,interval:60,https://www.nj.gov/
Njherald,United States,web,interval:120,https://www.njherald.com/
Nlga,Germany,web,interval:60,https://www.nlga.niedersachsen.de/
Nmhealth,Mexico,web,interval:60,https://www.nmhealth.org/
Nst,Malaysia,web,interval:120,https://www.nst.com.my/
Nst,Malaysia,web,interval:120,https://www.nst.com.my/news/nation/2025/06/1225236/hfmd-surges-past-alert-level-johor-over-17500-cases
Ntvbd,Bangladesh,web,interval:120,https://www.ntvbd.com/
Nyasatimes,Malawi,web,interval:120,https://www.nyasatimes.com/
Nzherald,New Zealand,web,interval:120,https://www.nzherald.co.nz/
Observerbd,Bangladesh,web,interval:120,https://www.observerbd.com/
Ohmynews,South Korea,web,interval:120,https://www.ohmynews.com/
Onmanorama,India,web,interval:120,https://www.onmanorama.com/
Ozarksfirst,United States,web,interval:120,https://www.ozarksfirst.com/
Paho,United States,web,interval:120,https://www.paho.org/
Pakistantoday,Pakistan,web,interval:120,https://www.pakistantoday.com.pk/
Panaynews,Philippines,web,interval:120,https://www.panaynews.net/
Patrika,India,web,interval:120,https://www.patrika.com/
Perthnow,Australia,web,interval:120,https://www.perthnow.com.au/
The Philippine Star,Philippines,web,interval:120,https://www.philstar.com/
Pikiran Rakyat,Indonesia,web,interval:120,https://www.pikiran-rakyat.com/
Plenglish,Cuba,web,interval:120,https://www.plenglish.com/
Pna,Philippines,web,interval:60,https://www.pna.gov.ph/
Portsmouth,United Kingdom,web,interval:120,https://www.portsmouth.co.uk/
Pravasiexpress,Singapore,web,interval:120,https://www.pravasiexpress.com/
Pressreader,International,web,interval:120,https://www.pressreader.com/
Prokerala,India,web,interval:120,https://www.prokerala.com/
Prpeak,Canada,web,interval:120,https://www.prpeak.com/
Com — Pulse,Ghana,web,interval:120,https://www.pulse.com.gh/
Pulse,Uganda,web,interval:120,https://www.pulse.ug/
Qdnd,Vietnam,web,interval:120,https://www.qdnd.vn/
Queer,Germany,web,interval:120,https://www.queer.de/
Quintenews,Canada,web,interval:120,https://www.quintenews.com/
Radarbanten,Indonesia,web,interval:120,https://www.radarbanten.co.id/
Radioguinee,Guinea,web,interval:120,https://www.radioguinee.com/
Rappler,Philippines,web,interval:120,https://www.rappler.com/
Reddeeradvocate,Canada,web,interval:120,https://www.reddeeradvocate.com/
Reuters,International,web,interval:120,https://www.reuters.com/
Riautelevisi,Indonesia,web,interval:120,https://www.riautelevisi.com/
Richmond News,Canada,web,interval:120,https://www.richmond-news.com/
Ringtimes,Indonesia,web,interval:120,https://www.ringtimes.id/
Riosdenoticias,Brazil,web,interval:120,https://www.riosdenoticias.com.br/
RRI,Indonesia,web,interval:120,https://www.rri.co.id/
Rti,Taiwan,web,interval:120,https://www.rti.org.tw/
Rtl,Netherlands,web,interval:120,https://www.rtl.nl/
Sacbee,United States,web,interval:120,https://www.sacbee.com/
Salampapua,Indonesia,web,interval:120,https://www.salampapua.com/
Samoaobserver,Samoa,web,interval:120,https://www.samoaobserver.ws/
Sanjuandailystar,Puerto Rico,web,interval:120,https://www.sanjuandailystar.com/
Sankei,Japan,web,interval:120,https://www.sankei.com/
Savonanews,Italy,web,interval:120,https://www.savonanews.it/
Seattletimes,United States,web,interval:120,https://www.seattletimes.com/
Senenews,Senegal,web,interval:120,https://www.senenews.com/
Sggp,Vietnam,web,interval:120,https://www.sggp.org.vn/
Shawlocal,United States,web,interval:120,https://www.shawlocal.com/
Sinarharian,Malaysia,web,interval:120,https://www.sinarharian.com.my/
Skipr,Netherlands,web,interval:120,https://www.skipr.nl/
Socialnews,India,web,interval:120,https://www.socialnews.xyz/
Sowetanlive,South Africa,web,interval:120,https://www.sowetanlive.co.za/
Stalbertgazette,Canada,web,interval:120,https://www.stalbertgazette.com/
Standardmedia,Kenya,web,interval:120,https://www.standardmedia.co.ke/
Staradvertiser,United States,web,interval:120,https://www.staradvertiser.com/
Kp — Stav,Russia,web,interval:120,https://www.stav.kp.ru/
The Straits Times,Singapore,web,interval:120,https://www.straitstimes.com/
Sunlive,New Zealand,web,interval:120,https://www.sunlive.co.nz/
Sunstar,Philippines,web,interval:120,https://www.sunstar.com.ph/
Surinenglish,Spain,web,interval:120,https://www.surinenglish.com/
Swindonadvertiser,United Kingdom,web,interval:120,https://www.swindonadvertiser.co.uk/
T Online,Germany,web,interval:120,https://www.t-online.de/
Taiwannews,Taiwan,web,interval:120,https://www.taiwannews.com.tw/
Tbsnews,Bangladesh,web,interval:120,https://www.tbsnews.net/
Telegraph,United Kingdom,web,interval:120,https://www.telegraph.co.uk/
Teleprensa,Spain,web,interval:120,https://www.teleprensa.com/
Tempo,Indonesia,web,interval:120,https://www.tempo.co/
Tempostretto,Italy,web,interval:120,https://www.tempostretto.it/
The Star,Kenya,web,interval:120,https://www.the-star.co.ke/
Theage,Australia,web,interval:120,https://www.theage.com.au/
Theborneopost,Malaysia,web,interval:120,https://www.theborneopost.com/
Thecanadianpressnews,Canada,web,interval:120,https://www.thecanadianpressnews.ca/
Co — Thecitizen,Tanzania,web,interval:120,https://www.thecitizen.co.tz/
Thegoan,India,web,interval:120,https://www.thegoan.net/
The Guardian,United Kingdom,web,interval:120,https://www.theguardian.com/
Thehindu,India,web,interval:120,https://www.thehindu.com/
Thenews,Pakistan,web,interval:120,https://www.thenews.com.pk/
Theportugalnews,European Union,web,interval:120,https://www.theportugalnews.com/
Thestar,Malaysia,web,interval:120,https://www.thestar.com.my/
Thestar,Canada,web,interval:120,https://www.thestar.com/
Thestatesman,India,web,interval:120,https://www.thestatesman.com/
Theweek,India,web,interval:120,https://www.theweek.in/
Timesnownews,India,web,interval:120,https://www.timesnownews.com/
Timesofisrael,Israel,web,interval:120,https://www.timesofisrael.com/
Timesunion,United States,web,interval:120,https://www.timesunion.com/
Tintahijau,Indonesia,web,interval:120,https://www.tintahijau.com/
Tl7,France,web,interval:120,https://www.tl7.fr/
Tn,United States,web,interval:60,https://www.tn.gov/
Tokyo Np,Japan,web,interval:120,https://www.tokyo-np.co.jp/
Tpr,United States,web,interval:120,https://www.tpr.org/
Travelandtourworld,International,web,interval:120,https://www.travelandtourworld.com/
Tribunnews,Indonesia,web,interval:120,https://www.tribunnews.com/
Trt,Turkey,web,interval:120,https://www.trt.global/
Umy,Indonesia,web,interval:60,https://www.umy.ac.id/
Unb,Bangladesh,web,interval:120,https://www.unb.com.bd/
Uniindia,India,web,interval:120,https://www.uniindia.com/
Unmc,United States,web,interval:60,https://www.unmc.edu/
Usnews,United States,web,interval:120,https://www.usnews.com/
Valleycentral,United States,web,interval:120,https://www.valleycentral.com/
Vax Before Travel,International,web,interval:60,https://www.vax-before-travel.com/
Vietnam,Vietnam,web,interval:120,https://www.vietnam.vn/
Vietnamplus,Vietnam,web,interval:120,https://www.vietnamplus.vn/
Viva,Indonesia,web,interval:120,https://www.viva.co.id/
Kp — Volgograd,Russia,web,interval:120,https://www.volgograd.kp.ru/
Wbaltv,United States,web,interval:120,https://www.wbaltv.com/
Wect,United States,web,interval:120,https://www.wect.com/
World Health Organization,International,web,interval:60,https://www.who.int/
Wimberleyview,United States,web,interval:120,https://www.wimberleyview.com/
Winnipegfreepress,Canada,web,interval:120,https://www.winnipegfreepress.com/
Witn,United States,web,interval:120,https://www.witn.com/
Wkrn,United States,web,interval:120,https://www.wkrn.com/
Wsws,International,web,interval:120,https://www.wsws.org/
Wzzm13,United States,web,interval:120,https://www.wzzm13.com/
Xaluannews,Vietnam,web,interval:120,https://www.xaluannews.com/
Yahoo News,United States,web,interval:120,https://www.yahoo.com/
Ygeiamou,Greece,web,interval:120,https://www.ygeiamou.gr/
Yna,South Korea,web,interval:120,https://www.yna.co.kr/
Yomiuri,Japan,web,interval:120,https://www.yomiuri.co.jp/
Yorkshirepost,United Kingdom,web,interval:120,https://www.yorkshirepost.co.uk/
Yourerie,United States,web,interval:120,https://www.yourerie.com/
Zigzagweekly,Philippines,web,interval:120,https://www.zigzagweekly.net/
Racgp,Australia,web,interval:60,https://www1.racgp.org.au/
Nhk,Japan,web,interval:120,https://www3.nhk.or.jp/
Chinhphu — Xaydungchinhsach,Vietnam,web,interval:120,https://xaydungchinhsach.chinhphu.vn/
Bjd — Xinwen,China,web,interval:120,https://xinwen.bjd.com.cn/
Xmnn,China,web,interval:120,https://xmnn.cn/
Xn Ctbfecatgqygb5apl,Russia,web,interval:120,https://xn----ctbfecatgqygb5apl.xn--p1ai/
Yalovagazetesi,Turkey,web,interval:120,https://yalovagazetesi.com/
Yeeyi,Australia,web,interval:120,https://yeeyi.com/
Yicai,China,web,interval:120,https://yicai.com/
Kompas — Yogyakarta,Indonesia,web,interval:120,https://yogyakarta.kompas.com/
Daklak — Yte,Vietnam,web,interval:60,https://yte.daklak.gov.vn/
Ytemienbac,Vietnam,web,interval:120,https://ytemienbac.vn/
Zaochenbao,China,web,interval:120,https://zaochenbao.com/
Zaxid,Ukraine,web,interval:120,https://zaxid.net/
Zazoom,Italy,web,interval:120,https://zazoom.it/
India — Zeenews,India,web,interval:120,https://zeenews.india.com/
Znews,Vietnam,web,interval:120,https://znews.vn/